group,experiment_id,task_id,method,role,seed,job_name,job_dir,executor_status,planned_token_budget,artifact_status,notes
smoke,phase4-smoke-fix-git-001,fix-git,single,single,0,phase4-smoke-fix-git-single-seed-0,jobs/phase4-smoke-fix-git-single-seed-0,ready,100000,not_started,Not launched by this branch.
smoke,phase4-smoke-fix-git-001,fix-git,retry,retry_attempt,0,phase4-smoke-fix-git-retry-seed-0-attempt-0,jobs/phase4-smoke-fix-git-retry-seed-0-attempt-0,ready,20000,not_started,Not launched by this branch.
smoke,phase4-smoke-fix-git-001,fix-git,retry,retry_attempt,0,phase4-smoke-fix-git-retry-seed-0-attempt-1,jobs/phase4-smoke-fix-git-retry-seed-0-attempt-1,ready,20000,not_started,Not launched by this branch.
smoke,phase4-smoke-fix-git-001,fix-git,retry,retry_attempt,0,phase4-smoke-fix-git-retry-seed-0-attempt-2,jobs/phase4-smoke-fix-git-retry-seed-0-attempt-2,ready,20000,not_started,Not launched by this branch.
smoke,phase4-smoke-fix-git-001,fix-git,retry,retry_attempt,0,phase4-smoke-fix-git-retry-seed-0-attempt-3,jobs/phase4-smoke-fix-git-retry-seed-0-attempt-3,ready,20000,not_started,Not launched by this branch.
smoke,phase4-smoke-fix-git-001,fix-git,retry,retry_attempt,0,phase4-smoke-fix-git-retry-seed-0-attempt-4,jobs/phase4-smoke-fix-git-retry-seed-0-attempt-4,ready,20000,not_started,Not launched by this branch.
smoke,phase4-smoke-fix-git-001,fix-git,random_branch,root,0,phase4-smoke-fix-git-random-branch-seed-0-root,jobs/phase4-smoke-fix-git-random-branch-seed-0-root,ready,30000,not_started,Not launched by this branch.
smoke,phase4-smoke-fix-git-001,fix-git,random_branch,continuation,0,phase4-smoke-fix-git-random-branch-seed-0-cont-0,jobs/phase4-smoke-fix-git-random-branch-seed-0-cont-0,pending_root_archive,35000,blocked_pending_root_archive,"Run root jobs first, then select archive snapshots for continuations."
smoke,phase4-smoke-fix-git-001,fix-git,random_branch,continuation,0,phase4-smoke-fix-git-random-branch-seed-0-cont-1,jobs/phase4-smoke-fix-git-random-branch-seed-0-cont-1,pending_root_archive,35000,blocked_pending_root_archive,"Run root jobs first, then select archive snapshots for continuations."
smoke,phase4-smoke-fix-git-001,fix-git,promising_branch,root,0,phase4-smoke-fix-git-promising-branch-seed-0-root,jobs/phase4-smoke-fix-git-promising-branch-seed-0-root,ready,30000,not_started,Not launched by this branch.
smoke,phase4-smoke-fix-git-001,fix-git,promising_branch,continuation,0,phase4-smoke-fix-git-promising-branch-seed-0-cont-0,jobs/phase4-smoke-fix-git-promising-branch-seed-0-cont-0,pending_root_archive,35000,blocked_pending_root_archive,"Run root jobs first, then select archive snapshots for continuations."
smoke,phase4-smoke-fix-git-001,fix-git,promising_branch,continuation,0,phase4-smoke-fix-git-promising-branch-seed-0-cont-1,jobs/phase4-smoke-fix-git-promising-branch-seed-0-cont-1,pending_root_archive,35000,blocked_pending_root_archive,"Run root jobs first, then select archive snapshots for continuations."
smoke,phase4-smoke-regex-log-001,regex-log,single,single,0,phase4-smoke-regex-log-single-seed-0,jobs/phase4-smoke-regex-log-single-seed-0,ready,100000,not_started,Not launched by this branch.
smoke,phase4-smoke-regex-log-001,regex-log,retry,retry_attempt,0,phase4-smoke-regex-log-retry-seed-0-attempt-0,jobs/phase4-smoke-regex-log-retry-seed-0-attempt-0,ready,20000,not_started,Not launched by this branch.
smoke,phase4-smoke-regex-log-001,regex-log,retry,retry_attempt,0,phase4-smoke-regex-log-retry-seed-0-attempt-1,jobs/phase4-smoke-regex-log-retry-seed-0-attempt-1,ready,20000,not_started,Not launched by this branch.
smoke,phase4-smoke-regex-log-001,regex-log,retry,retry_attempt,0,phase4-smoke-regex-log-retry-seed-0-attempt-2,jobs/phase4-smoke-regex-log-retry-seed-0-attempt-2,ready,20000,not_started,Not launched by this branch.
smoke,phase4-smoke-regex-log-001,regex-log,retry,retry_attempt,0,phase4-smoke-regex-log-retry-seed-0-attempt-3,jobs/phase4-smoke-regex-log-retry-seed-0-attempt-3,ready,20000,not_started,Not launched by this branch.
smoke,phase4-smoke-regex-log-001,regex-log,retry,retry_attempt,0,phase4-smoke-regex-log-retry-seed-0-attempt-4,jobs/phase4-smoke-regex-log-retry-seed-0-attempt-4,ready,20000,not_started,Not launched by this branch.
smoke,phase4-smoke-regex-log-001,regex-log,random_branch,root,0,phase4-smoke-regex-log-random-branch-seed-0-root,jobs/phase4-smoke-regex-log-random-branch-seed-0-root,ready,30000,not_started,Not launched by this branch.
smoke,phase4-smoke-regex-log-001,regex-log,random_branch,continuation,0,phase4-smoke-regex-log-random-branch-seed-0-cont-0,jobs/phase4-smoke-regex-log-random-branch-seed-0-cont-0,pending_root_archive,35000,blocked_pending_root_archive,"Run root jobs first, then select archive snapshots for continuations."
smoke,phase4-smoke-regex-log-001,regex-log,random_branch,continuation,0,phase4-smoke-regex-log-random-branch-seed-0-cont-1,jobs/phase4-smoke-regex-log-random-branch-seed-0-cont-1,pending_root_archive,35000,blocked_pending_root_archive,"Run root jobs first, then select archive snapshots for continuations."
smoke,phase4-smoke-regex-log-001,regex-log,promising_branch,root,0,phase4-smoke-regex-log-promising-branch-seed-0-root,jobs/phase4-smoke-regex-log-promising-branch-seed-0-root,ready,30000,not_started,Not launched by this branch.
smoke,phase4-smoke-regex-log-001,regex-log,promising_branch,continuation,0,phase4-smoke-regex-log-promising-branch-seed-0-cont-0,jobs/phase4-smoke-regex-log-promising-branch-seed-0-cont-0,pending_root_archive,35000,blocked_pending_root_archive,"Run root jobs first, then select archive snapshots for continuations."
smoke,phase4-smoke-regex-log-001,regex-log,promising_branch,continuation,0,phase4-smoke-regex-log-promising-branch-seed-0-cont-1,jobs/phase4-smoke-regex-log-promising-branch-seed-0-cont-1,pending_root_archive,35000,blocked_pending_root_archive,"Run root jobs first, then select archive snapshots for continuations."
smoke,phase4-smoke-git-leak-recovery-001,git-leak-recovery,single,single,0,phase4-smoke-git-leak-recovery-single-seed-0,jobs/phase4-smoke-git-leak-recovery-single-seed-0,ready,100000,not_started,Not launched by this branch.
smoke,phase4-smoke-git-leak-recovery-001,git-leak-recovery,retry,retry_attempt,0,phase4-smoke-git-leak-recovery-retry-seed-0-attempt-0,jobs/phase4-smoke-git-leak-recovery-retry-seed-0-attempt-0,ready,20000,not_started,Not launched by this branch.
smoke,phase4-smoke-git-leak-recovery-001,git-leak-recovery,retry,retry_attempt,0,phase4-smoke-git-leak-recovery-retry-seed-0-attempt-1,jobs/phase4-smoke-git-leak-recovery-retry-seed-0-attempt-1,ready,20000,not_started,Not launched by this branch.
smoke,phase4-smoke-git-leak-recovery-001,git-leak-recovery,retry,retry_attempt,0,phase4-smoke-git-leak-recovery-retry-seed-0-attempt-2,jobs/phase4-smoke-git-leak-recovery-retry-seed-0-attempt-2,ready,20000,not_started,Not launched by this branch.
smoke,phase4-smoke-git-leak-recovery-001,git-leak-recovery,retry,retry_attempt,0,phase4-smoke-git-leak-recovery-retry-seed-0-attempt-3,jobs/phase4-smoke-git-leak-recovery-retry-seed-0-attempt-3,ready,20000,not_started,Not launched by this branch.
smoke,phase4-smoke-git-leak-recovery-001,git-leak-recovery,retry,retry_attempt,0,phase4-smoke-git-leak-recovery-retry-seed-0-attempt-4,jobs/phase4-smoke-git-leak-recovery-retry-seed-0-attempt-4,ready,20000,not_started,Not launched by this branch.
smoke,phase4-smoke-git-leak-recovery-001,git-leak-recovery,random_branch,root,0,phase4-smoke-git-leak-recovery-random-branch-seed-0-root,jobs/phase4-smoke-git-leak-recovery-random-branch-seed-0-root,ready,30000,not_started,Not launched by this branch.
smoke,phase4-smoke-git-leak-recovery-001,git-leak-recovery,random_branch,continuation,0,phase4-smoke-git-leak-recovery-random-branch-seed-0-cont-0,jobs/phase4-smoke-git-leak-recovery-random-branch-seed-0-cont-0,pending_root_archive,35000,blocked_pending_root_archive,"Run root jobs first, then select archive snapshots for continuations."
smoke,phase4-smoke-git-leak-recovery-001,git-leak-recovery,random_branch,continuation,0,phase4-smoke-git-leak-recovery-random-branch-seed-0-cont-1,jobs/phase4-smoke-git-leak-recovery-random-branch-seed-0-cont-1,pending_root_archive,35000,blocked_pending_root_archive,"Run root jobs first, then select archive snapshots for continuations."
smoke,phase4-smoke-git-leak-recovery-001,git-leak-recovery,promising_branch,root,0,phase4-smoke-git-leak-recovery-promising-branch-seed-0-root,jobs/phase4-smoke-git-leak-recovery-promising-branch-seed-0-root,ready,30000,not_started,Not launched by this branch.
smoke,phase4-smoke-git-leak-recovery-001,git-leak-recovery,promising_branch,continuation,0,phase4-smoke-git-leak-recovery-promising-branch-seed-0-cont-0,jobs/phase4-smoke-git-leak-recovery-promising-branch-seed-0-cont-0,pending_root_archive,35000,blocked_pending_root_archive,"Run root jobs first, then select archive snapshots for continuations."
smoke,phase4-smoke-git-leak-recovery-001,git-leak-recovery,promising_branch,continuation,0,phase4-smoke-git-leak-recovery-promising-branch-seed-0-cont-1,jobs/phase4-smoke-git-leak-recovery-promising-branch-seed-0-cont-1,pending_root_archive,35000,blocked_pending_root_archive,"Run root jobs first, then select archive snapshots for continuations."
smoke,phase4-smoke-openssl-selfsigned-cert-001,openssl-selfsigned-cert,single,single,0,phase4-smoke-openssl-selfsigned-cert-single-seed-0,jobs/phase4-smoke-openssl-selfsigned-cert-single-seed-0,ready,100000,not_started,Not launched by this branch.
smoke,phase4-smoke-openssl-selfsigned-cert-001,openssl-selfsigned-cert,retry,retry_attempt,0,phase4-smoke-openssl-selfsigned-cert-retry-seed-0-attempt-0,jobs/phase4-smoke-openssl-selfsigned-cert-retry-seed-0-attempt-0,ready,20000,not_started,Not launched by this branch.
smoke,phase4-smoke-openssl-selfsigned-cert-001,openssl-selfsigned-cert,retry,retry_attempt,0,phase4-smoke-openssl-selfsigned-cert-retry-seed-0-attempt-1,jobs/phase4-smoke-openssl-selfsigned-cert-retry-seed-0-attempt-1,ready,20000,not_started,Not launched by this branch.
smoke,phase4-smoke-openssl-selfsigned-cert-001,openssl-selfsigned-cert,retry,retry_attempt,0,phase4-smoke-openssl-selfsigned-cert-retry-seed-0-attempt-2,jobs/phase4-smoke-openssl-selfsigned-cert-retry-seed-0-attempt-2,ready,20000,not_started,Not launched by this branch.
smoke,phase4-smoke-openssl-selfsigned-cert-001,openssl-selfsigned-cert,retry,retry_attempt,0,phase4-smoke-openssl-selfsigned-cert-retry-seed-0-attempt-3,jobs/phase4-smoke-openssl-selfsigned-cert-retry-seed-0-attempt-3,ready,20000,not_started,Not launched by this branch.
smoke,phase4-smoke-openssl-selfsigned-cert-001,openssl-selfsigned-cert,retry,retry_attempt,0,phase4-smoke-openssl-selfsigned-cert-retry-seed-0-attempt-4,jobs/phase4-smoke-openssl-selfsigned-cert-retry-seed-0-attempt-4,ready,20000,not_started,Not launched by this branch.
smoke,phase4-smoke-openssl-selfsigned-cert-001,openssl-selfsigned-cert,random_branch,root,0,phase4-smoke-openssl-selfsigned-cert-random-branch-seed-0-root,jobs/phase4-smoke-openssl-selfsigned-cert-random-branch-seed-0-root,ready,30000,not_started,Not launched by this branch.
smoke,phase4-smoke-openssl-selfsigned-cert-001,openssl-selfsigned-cert,random_branch,continuation,0,phase4-smoke-openssl-selfsigned-cert-random-branch-seed-0-cont-0,jobs/phase4-smoke-openssl-selfsigned-cert-random-branch-seed-0-cont-0,pending_root_archive,35000,blocked_pending_root_archive,"Run root jobs first, then select archive snapshots for continuations."
smoke,phase4-smoke-openssl-selfsigned-cert-001,openssl-selfsigned-cert,random_branch,continuation,0,phase4-smoke-openssl-selfsigned-cert-random-branch-seed-0-cont-1,jobs/phase4-smoke-openssl-selfsigned-cert-random-branch-seed-0-cont-1,pending_root_archive,35000,blocked_pending_root_archive,"Run root jobs first, then select archive snapshots for continuations."
smoke,phase4-smoke-openssl-selfsigned-cert-001,openssl-selfsigned-cert,promising_branch,root,0,phase4-smoke-openssl-selfsigned-cert-promising-branch-seed-0-root,jobs/phase4-smoke-openssl-selfsigned-cert-promising-branch-seed-0-root,ready,30000,not_started,Not launched by this branch.
smoke,phase4-smoke-openssl-selfsigned-cert-001,openssl-selfsigned-cert,promising_branch,continuation,0,phase4-smoke-openssl-selfsigned-cert-promising-branch-seed-0-cont-0,jobs/phase4-smoke-openssl-selfsigned-cert-promising-branch-seed-0-cont-0,pending_root_archive,35000,blocked_pending_root_archive,"Run root jobs first, then select archive snapshots for continuations."
smoke,phase4-smoke-openssl-selfsigned-cert-001,openssl-selfsigned-cert,promising_branch,continuation,0,phase4-smoke-openssl-selfsigned-cert-promising-branch-seed-0-cont-1,jobs/phase4-smoke-openssl-selfsigned-cert-promising-branch-seed-0-cont-1,pending_root_archive,35000,blocked_pending_root_archive,"Run root jobs first, then select archive snapshots for continuations."
smoke,phase4-smoke-sqlite-db-truncate-001,sqlite-db-truncate,single,single,0,phase4-smoke-sqlite-db-truncate-single-seed-0,jobs/phase4-smoke-sqlite-db-truncate-single-seed-0,ready,100000,not_started,Not launched by this branch.
smoke,phase4-smoke-sqlite-db-truncate-001,sqlite-db-truncate,retry,retry_attempt,0,phase4-smoke-sqlite-db-truncate-retry-seed-0-attempt-0,jobs/phase4-smoke-sqlite-db-truncate-retry-seed-0-attempt-0,ready,20000,not_started,Not launched by this branch.
smoke,phase4-smoke-sqlite-db-truncate-001,sqlite-db-truncate,retry,retry_attempt,0,phase4-smoke-sqlite-db-truncate-retry-seed-0-attempt-1,jobs/phase4-smoke-sqlite-db-truncate-retry-seed-0-attempt-1,ready,20000,not_started,Not launched by this branch.
smoke,phase4-smoke-sqlite-db-truncate-001,sqlite-db-truncate,retry,retry_attempt,0,phase4-smoke-sqlite-db-truncate-retry-seed-0-attempt-2,jobs/phase4-smoke-sqlite-db-truncate-retry-seed-0-attempt-2,ready,20000,not_started,Not launched by this branch.
smoke,phase4-smoke-sqlite-db-truncate-001,sqlite-db-truncate,retry,retry_attempt,0,phase4-smoke-sqlite-db-truncate-retry-seed-0-attempt-3,jobs/phase4-smoke-sqlite-db-truncate-retry-seed-0-attempt-3,ready,20000,not_started,Not launched by this branch.
smoke,phase4-smoke-sqlite-db-truncate-001,sqlite-db-truncate,retry,retry_attempt,0,phase4-smoke-sqlite-db-truncate-retry-seed-0-attempt-4,jobs/phase4-smoke-sqlite-db-truncate-retry-seed-0-attempt-4,ready,20000,not_started,Not launched by this branch.
smoke,phase4-smoke-sqlite-db-truncate-001,sqlite-db-truncate,random_branch,root,0,phase4-smoke-sqlite-db-truncate-random-branch-seed-0-root,jobs/phase4-smoke-sqlite-db-truncate-random-branch-seed-0-root,ready,30000,not_started,Not launched by this branch.
smoke,phase4-smoke-sqlite-db-truncate-001,sqlite-db-truncate,random_branch,continuation,0,phase4-smoke-sqlite-db-truncate-random-branch-seed-0-cont-0,jobs/phase4-smoke-sqlite-db-truncate-random-branch-seed-0-cont-0,pending_root_archive,35000,blocked_pending_root_archive,"Run root jobs first, then select archive snapshots for continuations."
smoke,phase4-smoke-sqlite-db-truncate-001,sqlite-db-truncate,random_branch,continuation,0,phase4-smoke-sqlite-db-truncate-random-branch-seed-0-cont-1,jobs/phase4-smoke-sqlite-db-truncate-random-branch-seed-0-cont-1,pending_root_archive,35000,blocked_pending_root_archive,"Run root jobs first, then select archive snapshots for continuations."
smoke,phase4-smoke-sqlite-db-truncate-001,sqlite-db-truncate,promising_branch,root,0,phase4-smoke-sqlite-db-truncate-promising-branch-seed-0-root,jobs/phase4-smoke-sqlite-db-truncate-promising-branch-seed-0-root,ready,30000,not_started,Not launched by this branch.
smoke,phase4-smoke-sqlite-db-truncate-001,sqlite-db-truncate,promising_branch,continuation,0,phase4-smoke-sqlite-db-truncate-promising-branch-seed-0-cont-0,jobs/phase4-smoke-sqlite-db-truncate-promising-branch-seed-0-cont-0,pending_root_archive,35000,blocked_pending_root_archive,"Run root jobs first, then select archive snapshots for continuations."
smoke,phase4-smoke-sqlite-db-truncate-001,sqlite-db-truncate,promising_branch,continuation,0,phase4-smoke-sqlite-db-truncate-promising-branch-seed-0-cont-1,jobs/phase4-smoke-sqlite-db-truncate-promising-branch-seed-0-cont-1,pending_root_archive,35000,blocked_pending_root_archive,"Run root jobs first, then select archive snapshots for continuations."
smoke,phase4-smoke-qemu-startup-001,qemu-startup,single,single,0,phase4-smoke-qemu-startup-single-seed-0,jobs/phase4-smoke-qemu-startup-single-seed-0,ready,100000,not_started,Not launched by this branch.
smoke,phase4-smoke-qemu-startup-001,qemu-startup,retry,retry_attempt,0,phase4-smoke-qemu-startup-retry-seed-0-attempt-0,jobs/phase4-smoke-qemu-startup-retry-seed-0-attempt-0,ready,20000,not_started,Not launched by this branch.
smoke,phase4-smoke-qemu-startup-001,qemu-startup,retry,retry_attempt,0,phase4-smoke-qemu-startup-retry-seed-0-attempt-1,jobs/phase4-smoke-qemu-startup-retry-seed-0-attempt-1,ready,20000,not_started,Not launched by this branch.
smoke,phase4-smoke-qemu-startup-001,qemu-startup,retry,retry_attempt,0,phase4-smoke-qemu-startup-retry-seed-0-attempt-2,jobs/phase4-smoke-qemu-startup-retry-seed-0-attempt-2,ready,20000,not_started,Not launched by this branch.
smoke,phase4-smoke-qemu-startup-001,qemu-startup,retry,retry_attempt,0,phase4-smoke-qemu-startup-retry-seed-0-attempt-3,jobs/phase4-smoke-qemu-startup-retry-seed-0-attempt-3,ready,20000,not_started,Not launched by this branch.
smoke,phase4-smoke-qemu-startup-001,qemu-startup,retry,retry_attempt,0,phase4-smoke-qemu-startup-retry-seed-0-attempt-4,jobs/phase4-smoke-qemu-startup-retry-seed-0-attempt-4,ready,20000,not_started,Not launched by this branch.
smoke,phase4-smoke-qemu-startup-001,qemu-startup,random_branch,root,0,phase4-smoke-qemu-startup-random-branch-seed-0-root,jobs/phase4-smoke-qemu-startup-random-branch-seed-0-root,ready,30000,not_started,Not launched by this branch.
smoke,phase4-smoke-qemu-startup-001,qemu-startup,random_branch,continuation,0,phase4-smoke-qemu-startup-random-branch-seed-0-cont-0,jobs/phase4-smoke-qemu-startup-random-branch-seed-0-cont-0,pending_root_archive,35000,blocked_pending_root_archive,"Run root jobs first, then select archive snapshots for continuations."
smoke,phase4-smoke-qemu-startup-001,qemu-startup,random_branch,continuation,0,phase4-smoke-qemu-startup-random-branch-seed-0-cont-1,jobs/phase4-smoke-qemu-startup-random-branch-seed-0-cont-1,pending_root_archive,35000,blocked_pending_root_archive,"Run root jobs first, then select archive snapshots for continuations."
smoke,phase4-smoke-qemu-startup-001,qemu-startup,promising_branch,root,0,phase4-smoke-qemu-startup-promising-branch-seed-0-root,jobs/phase4-smoke-qemu-startup-promising-branch-seed-0-root,ready,30000,not_started,Not launched by this branch.
smoke,phase4-smoke-qemu-startup-001,qemu-startup,promising_branch,continuation,0,phase4-smoke-qemu-startup-promising-branch-seed-0-cont-0,jobs/phase4-smoke-qemu-startup-promising-branch-seed-0-cont-0,pending_root_archive,35000,blocked_pending_root_archive,"Run root jobs first, then select archive snapshots for continuations."
smoke,phase4-smoke-qemu-startup-001,qemu-startup,promising_branch,continuation,0,phase4-smoke-qemu-startup-promising-branch-seed-0-cont-1,jobs/phase4-smoke-qemu-startup-promising-branch-seed-0-cont-1,pending_root_archive,35000,blocked_pending_root_archive,"Run root jobs first, then select archive snapshots for continuations."
primary,phase4-primary-regex-log-001,regex-log,single,single,0,phase4-primary-regex-log-single-seed-0,jobs/phase4-primary-regex-log-single-seed-0,ready,100000,not_started,Not launched by this branch.
primary,phase4-primary-regex-log-001,regex-log,retry,retry_attempt,0,phase4-primary-regex-log-retry-seed-0-attempt-0,jobs/phase4-primary-regex-log-retry-seed-0-attempt-0,ready,20000,not_started,Not launched by this branch.
primary,phase4-primary-regex-log-001,regex-log,retry,retry_attempt,0,phase4-primary-regex-log-retry-seed-0-attempt-1,jobs/phase4-primary-regex-log-retry-seed-0-attempt-1,ready,20000,not_started,Not launched by this branch.
primary,phase4-primary-regex-log-001,regex-log,retry,retry_attempt,0,phase4-primary-regex-log-retry-seed-0-attempt-2,jobs/phase4-primary-regex-log-retry-seed-0-attempt-2,ready,20000,not_started,Not launched by this branch.
primary,phase4-primary-regex-log-001,regex-log,retry,retry_attempt,0,phase4-primary-regex-log-retry-seed-0-attempt-3,jobs/phase4-primary-regex-log-retry-seed-0-attempt-3,ready,20000,not_started,Not launched by this branch.
primary,phase4-primary-regex-log-001,regex-log,retry,retry_attempt,0,phase4-primary-regex-log-retry-seed-0-attempt-4,jobs/phase4-primary-regex-log-retry-seed-0-attempt-4,ready,20000,not_started,Not launched by this branch.
primary,phase4-primary-regex-log-001,regex-log,random_branch,root,0,phase4-primary-regex-log-random-branch-seed-0-root,jobs/phase4-primary-regex-log-random-branch-seed-0-root,ready,30000,not_started,Not launched by this branch.
primary,phase4-primary-regex-log-001,regex-log,random_branch,continuation,0,phase4-primary-regex-log-random-branch-seed-0-cont-0,jobs/phase4-primary-regex-log-random-branch-seed-0-cont-0,pending_root_archive,35000,blocked_pending_root_archive,"Run root jobs first, then select archive snapshots for continuations."
primary,phase4-primary-regex-log-001,regex-log,random_branch,continuation,0,phase4-primary-regex-log-random-branch-seed-0-cont-1,jobs/phase4-primary-regex-log-random-branch-seed-0-cont-1,pending_root_archive,35000,blocked_pending_root_archive,"Run root jobs first, then select archive snapshots for continuations."
primary,phase4-primary-regex-log-001,regex-log,promising_branch,root,0,phase4-primary-regex-log-promising-branch-seed-0-root,jobs/phase4-primary-regex-log-promising-branch-seed-0-root,ready,30000,not_started,Not launched by this branch.
primary,phase4-primary-regex-log-001,regex-log,promising_branch,continuation,0,phase4-primary-regex-log-promising-branch-seed-0-cont-0,jobs/phase4-primary-regex-log-promising-branch-seed-0-cont-0,pending_root_archive,35000,blocked_pending_root_archive,"Run root jobs first, then select archive snapshots for continuations."
primary,phase4-primary-regex-log-001,regex-log,promising_branch,continuation,0,phase4-primary-regex-log-promising-branch-seed-0-cont-1,jobs/phase4-primary-regex-log-promising-branch-seed-0-cont-1,pending_root_archive,35000,blocked_pending_root_archive,"Run root jobs first, then select archive snapshots for continuations."
primary,phase4-primary-log-summary-date-ranges-001,log-summary-date-ranges,single,single,0,phase4-primary-log-summary-date-ranges-single-seed-0,jobs/phase4-primary-log-summary-date-ranges-single-seed-0,ready,100000,not_started,Not launched by this branch.
primary,phase4-primary-log-summary-date-ranges-001,log-summary-date-ranges,retry,retry_attempt,0,phase4-primary-log-summary-date-ranges-retry-seed-0-attempt-0,jobs/phase4-primary-log-summary-date-ranges-retry-seed-0-attempt-0,ready,20000,not_started,Not launched by this branch.
primary,phase4-primary-log-summary-date-ranges-001,log-summary-date-ranges,retry,retry_attempt,0,phase4-primary-log-summary-date-ranges-retry-seed-0-attempt-1,jobs/phase4-primary-log-summary-date-ranges-retry-seed-0-attempt-1,ready,20000,not_started,Not launched by this branch.
primary,phase4-primary-log-summary-date-ranges-001,log-summary-date-ranges,retry,retry_attempt,0,phase4-primary-log-summary-date-ranges-retry-seed-0-attempt-2,jobs/phase4-primary-log-summary-date-ranges-retry-seed-0-attempt-2,ready,20000,not_started,Not launched by this branch.
primary,phase4-primary-log-summary-date-ranges-001,log-summary-date-ranges,retry,retry_attempt,0,phase4-primary-log-summary-date-ranges-retry-seed-0-attempt-3,jobs/phase4-primary-log-summary-date-ranges-retry-seed-0-attempt-3,ready,20000,not_started,Not launched by this branch.
primary,phase4-primary-log-summary-date-ranges-001,log-summary-date-ranges,retry,retry_attempt,0,phase4-primary-log-summary-date-ranges-retry-seed-0-attempt-4,jobs/phase4-primary-log-summary-date-ranges-retry-seed-0-attempt-4,ready,20000,not_started,Not launched by this branch.
primary,phase4-primary-log-summary-date-ranges-001,log-summary-date-ranges,random_branch,root,0,phase4-primary-log-summary-date-ranges-random-branch-seed-0-root,jobs/phase4-primary-log-summary-date-ranges-random-branch-seed-0-root,ready,30000,not_started,Not launched by this branch.
primary,phase4-primary-log-summary-date-ranges-001,log-summary-date-ranges,random_branch,continuation,0,phase4-primary-log-summary-date-ranges-random-branch-seed-0-cont-0,jobs/phase4-primary-log-summary-date-ranges-random-branch-seed-0-cont-0,pending_root_archive,35000,blocked_pending_root_archive,"Run root jobs first, then select archive snapshots for continuations."
primary,phase4-primary-log-summary-date-ranges-001,log-summary-date-ranges,random_branch,continuation,0,phase4-primary-log-summary-date-ranges-random-branch-seed-0-cont-1,jobs/phase4-primary-log-summary-date-ranges-random-branch-seed-0-cont-1,pending_root_archive,35000,blocked_pending_root_archive,"Run root jobs first, then select archive snapshots for continuations."
primary,phase4-primary-log-summary-date-ranges-001,log-summary-date-ranges,promising_branch,root,0,phase4-primary-log-summary-date-ranges-promising-branch-seed-0-root,jobs/phase4-primary-log-summary-date-ranges-promising-branch-seed-0-root,ready,30000,not_started,Not launched by this branch.
primary,phase4-primary-log-summary-date-ranges-001,log-summary-date-ranges,promising_branch,continuation,0,phase4-primary-log-summary-date-ranges-promising-branch-seed-0-cont-0,jobs/phase4-primary-log-summary-date-ranges-promising-branch-seed-0-cont-0,pending_root_archive,35000,blocked_pending_root_archive,"Run root jobs first, then select archive snapshots for continuations."
primary,phase4-primary-log-summary-date-ranges-001,log-summary-date-ranges,promising_branch,continuation,0,phase4-primary-log-summary-date-ranges-promising-branch-seed-0-cont-1,jobs/phase4-primary-log-summary-date-ranges-promising-branch-seed-0-cont-1,pending_root_archive,35000,blocked_pending_root_archive,"Run root jobs first, then select archive snapshots for continuations."
primary,phase4-primary-multi-source-data-merger-001,multi-source-data-merger,single,single,0,phase4-primary-multi-source-data-merger-single-seed-0,jobs/phase4-primary-multi-source-data-merger-single-seed-0,ready,100000,not_started,Not launched by this branch.
primary,phase4-primary-multi-source-data-merger-001,multi-source-data-merger,retry,retry_attempt,0,phase4-primary-multi-source-data-merger-retry-seed-0-attempt-0,jobs/phase4-primary-multi-source-data-merger-retry-seed-0-attempt-0,ready,20000,not_started,Not launched by this branch.
primary,phase4-primary-multi-source-data-merger-001,multi-source-data-merger,retry,retry_attempt,0,phase4-primary-multi-source-data-merger-retry-seed-0-attempt-1,jobs/phase4-primary-multi-source-data-merger-retry-seed-0-attempt-1,ready,20000,not_started,Not launched by this branch.
primary,phase4-primary-multi-source-data-merger-001,multi-source-data-merger,retry,retry_attempt,0,phase4-primary-multi-source-data-merger-retry-seed-0-attempt-2,jobs/phase4-primary-multi-source-data-merger-retry-seed-0-attempt-2,ready,20000,not_started,Not launched by this branch.
primary,phase4-primary-multi-source-data-merger-001,multi-source-data-merger,retry,retry_attempt,0,phase4-primary-multi-source-data-merger-retry-seed-0-attempt-3,jobs/phase4-primary-multi-source-data-merger-retry-seed-0-attempt-3,ready,20000,not_started,Not launched by this branch.
primary,phase4-primary-multi-source-data-merger-001,multi-source-data-merger,retry,retry_attempt,0,phase4-primary-multi-source-data-merger-retry-seed-0-attempt-4,jobs/phase4-primary-multi-source-data-merger-retry-seed-0-attempt-4,ready,20000,not_started,Not launched by this branch.
primary,phase4-primary-multi-source-data-merger-001,multi-source-data-merger,random_branch,root,0,phase4-primary-multi-source-data-merger-random-branch-seed-0-root,jobs/phase4-primary-multi-source-data-merger-random-branch-seed-0-root,ready,30000,not_started,Not launched by this branch.
primary,phase4-primary-multi-source-data-merger-001,multi-source-data-merger,random_branch,continuation,0,phase4-primary-multi-source-data-merger-random-branch-seed-0-cont-0,jobs/phase4-primary-multi-source-data-merger-random-branch-seed-0-cont-0,pending_root_archive,35000,blocked_pending_root_archive,"Run root jobs first, then select archive snapshots for continuations."
primary,phase4-primary-multi-source-data-merger-001,multi-source-data-merger,random_branch,continuation,0,phase4-primary-multi-source-data-merger-random-branch-seed-0-cont-1,jobs/phase4-primary-multi-source-data-merger-random-branch-seed-0-cont-1,pending_root_archive,35000,blocked_pending_root_archive,"Run root jobs first, then select archive snapshots for continuations."
primary,phase4-primary-multi-source-data-merger-001,multi-source-data-merger,promising_branch,root,0,phase4-primary-multi-source-data-merger-promising-branch-seed-0-root,jobs/phase4-primary-multi-source-data-merger-promising-branch-seed-0-root,ready,30000,not_started,Not launched by this branch.
primary,phase4-primary-multi-source-data-merger-001,multi-source-data-merger,promising_branch,continuation,0,phase4-primary-multi-source-data-merger-promising-branch-seed-0-cont-0,jobs/phase4-primary-multi-source-data-merger-promising-branch-seed-0-cont-0,pending_root_archive,35000,blocked_pending_root_archive,"Run root jobs first, then select archive snapshots for continuations."
primary,phase4-primary-multi-source-data-merger-001,multi-source-data-merger,promising_branch,continuation,0,phase4-primary-multi-source-data-merger-promising-branch-seed-0-cont-1,jobs/phase4-primary-multi-source-data-merger-promising-branch-seed-0-cont-1,pending_root_archive,35000,blocked_pending_root_archive,"Run root jobs first, then select archive snapshots for continuations."
primary,phase4-primary-financial-document-processor-001,financial-document-processor,single,single,0,phase4-primary-financial-document-processor-single-seed-0,jobs/phase4-primary-financial-document-processor-single-seed-0,ready,100000,not_started,Not launched by this branch.
primary,phase4-primary-financial-document-processor-001,financial-document-processor,retry,retry_attempt,0,phase4-primary-financial-document-processor-retry-seed-0-attempt-0,jobs/phase4-primary-financial-document-processor-retry-seed-0-attempt-0,ready,20000,not_started,Not launched by this branch.
primary,phase4-primary-financial-document-processor-001,financial-document-processor,retry,retry_attempt,0,phase4-primary-financial-document-processor-retry-seed-0-attempt-1,jobs/phase4-primary-financial-document-processor-retry-seed-0-attempt-1,ready,20000,not_started,Not launched by this branch.
primary,phase4-primary-financial-document-processor-001,financial-document-processor,retry,retry_attempt,0,phase4-primary-financial-document-processor-retry-seed-0-attempt-2,jobs/phase4-primary-financial-document-processor-retry-seed-0-attempt-2,ready,20000,not_started,Not launched by this branch.
primary,phase4-primary-financial-document-processor-001,financial-document-processor,retry,retry_attempt,0,phase4-primary-financial-document-processor-retry-seed-0-attempt-3,jobs/phase4-primary-financial-document-processor-retry-seed-0-attempt-3,ready,20000,not_started,Not launched by this branch.
primary,phase4-primary-financial-document-processor-001,financial-document-processor,retry,retry_attempt,0,phase4-primary-financial-document-processor-retry-seed-0-attempt-4,jobs/phase4-primary-financial-document-processor-retry-seed-0-attempt-4,ready,20000,not_started,Not launched by this branch.
primary,phase4-primary-financial-document-processor-001,financial-document-processor,random_branch,root,0,phase4-primary-financial-document-processor-random-branch-seed-0-root,jobs/phase4-primary-financial-document-processor-random-branch-seed-0-root,ready,30000,not_started,Not launched by this branch.
primary,phase4-primary-financial-document-processor-001,financial-document-processor,random_branch,continuation,0,phase4-primary-financial-document-processor-random-branch-seed-0-cont-0,jobs/phase4-primary-financial-document-processor-random-branch-seed-0-cont-0,pending_root_archive,35000,blocked_pending_root_archive,"Run root jobs first, then select archive snapshots for continuations."
primary,phase4-primary-financial-document-processor-001,financial-document-processor,random_branch,continuation,0,phase4-primary-financial-document-processor-random-branch-seed-0-cont-1,jobs/phase4-primary-financial-document-processor-random-branch-seed-0-cont-1,pending_root_archive,35000,blocked_pending_root_archive,"Run root jobs first, then select archive snapshots for continuations."
primary,phase4-primary-financial-document-processor-001,financial-document-processor,promising_branch,root,0,phase4-primary-financial-document-processor-promising-branch-seed-0-root,jobs/phase4-primary-financial-document-processor-promising-branch-seed-0-root,ready,30000,not_started,Not launched by this branch.
primary,phase4-primary-financial-document-processor-001,financial-document-processor,promising_branch,continuation,0,phase4-primary-financial-document-processor-promising-branch-seed-0-cont-0,jobs/phase4-primary-financial-document-processor-promising-branch-seed-0-cont-0,pending_root_archive,35000,blocked_pending_root_archive,"Run root jobs first, then select archive snapshots for continuations."
primary,phase4-primary-financial-document-processor-001,financial-document-processor,promising_branch,continuation,0,phase4-primary-financial-document-processor-promising-branch-seed-0-cont-1,jobs/phase4-primary-financial-document-processor-promising-branch-seed-0-cont-1,pending_root_archive,35000,blocked_pending_root_archive,"Run root jobs first, then select archive snapshots for continuations."
primary,phase4-primary-hf-model-inference-001,hf-model-inference,single,single,0,phase4-primary-hf-model-inference-single-seed-0,jobs/phase4-primary-hf-model-inference-single-seed-0,ready,100000,not_started,Not launched by this branch.
primary,phase4-primary-hf-model-inference-001,hf-model-inference,retry,retry_attempt,0,phase4-primary-hf-model-inference-retry-seed-0-attempt-0,jobs/phase4-primary-hf-model-inference-retry-seed-0-attempt-0,ready,20000,not_started,Not launched by this branch.
primary,phase4-primary-hf-model-inference-001,hf-model-inference,retry,retry_attempt,0,phase4-primary-hf-model-inference-retry-seed-0-attempt-1,jobs/phase4-primary-hf-model-inference-retry-seed-0-attempt-1,ready,20000,not_started,Not launched by this branch.
primary,phase4-primary-hf-model-inference-001,hf-model-inference,retry,retry_attempt,0,phase4-primary-hf-model-inference-retry-seed-0-attempt-2,jobs/phase4-primary-hf-model-inference-retry-seed-0-attempt-2,ready,20000,not_started,Not launched by this branch.
primary,phase4-primary-hf-model-inference-001,hf-model-inference,retry,retry_attempt,0,phase4-primary-hf-model-inference-retry-seed-0-attempt-3,jobs/phase4-primary-hf-model-inference-retry-seed-0-attempt-3,ready,20000,not_started,Not launched by this branch.
primary,phase4-primary-hf-model-inference-001,hf-model-inference,retry,retry_attempt,0,phase4-primary-hf-model-inference-retry-seed-0-attempt-4,jobs/phase4-primary-hf-model-inference-retry-seed-0-attempt-4,ready,20000,not_started,Not launched by this branch.
primary,phase4-primary-hf-model-inference-001,hf-model-inference,random_branch,root,0,phase4-primary-hf-model-inference-random-branch-seed-0-root,jobs/phase4-primary-hf-model-inference-random-branch-seed-0-root,ready,30000,not_started,Not launched by this branch.
primary,phase4-primary-hf-model-inference-001,hf-model-inference,random_branch,continuation,0,phase4-primary-hf-model-inference-random-branch-seed-0-cont-0,jobs/phase4-primary-hf-model-inference-random-branch-seed-0-cont-0,pending_root_archive,35000,blocked_pending_root_archive,"Run root jobs first, then select archive snapshots for continuations."
primary,phase4-primary-hf-model-inference-001,hf-model-inference,random_branch,continuation,0,phase4-primary-hf-model-inference-random-branch-seed-0-cont-1,jobs/phase4-primary-hf-model-inference-random-branch-seed-0-cont-1,pending_root_archive,35000,blocked_pending_root_archive,"Run root jobs first, then select archive snapshots for continuations."
primary,phase4-primary-hf-model-inference-001,hf-model-inference,promising_branch,root,0,phase4-primary-hf-model-inference-promising-branch-seed-0-root,jobs/phase4-primary-hf-model-inference-promising-branch-seed-0-root,ready,30000,not_started,Not launched by this branch.
primary,phase4-primary-hf-model-inference-001,hf-model-inference,promising_branch,continuation,0,phase4-primary-hf-model-inference-promising-branch-seed-0-cont-0,jobs/phase4-primary-hf-model-inference-promising-branch-seed-0-cont-0,pending_root_archive,35000,blocked_pending_root_archive,"Run root jobs first, then select archive snapshots for continuations."
primary,phase4-primary-hf-model-inference-001,hf-model-inference,promising_branch,continuation,0,phase4-primary-hf-model-inference-promising-branch-seed-0-cont-1,jobs/phase4-primary-hf-model-inference-promising-branch-seed-0-cont-1,pending_root_archive,35000,blocked_pending_root_archive,"Run root jobs first, then select archive snapshots for continuations."
primary,phase4-primary-query-optimize-001,query-optimize,single,single,0,phase4-primary-query-optimize-single-seed-0,jobs/phase4-primary-query-optimize-single-seed-0,ready,100000,not_started,Not launched by this branch.
primary,phase4-primary-query-optimize-001,query-optimize,retry,retry_attempt,0,phase4-primary-query-optimize-retry-seed-0-attempt-0,jobs/phase4-primary-query-optimize-retry-seed-0-attempt-0,ready,20000,not_started,Not launched by this branch.
primary,phase4-primary-query-optimize-001,query-optimize,retry,retry_attempt,0,phase4-primary-query-optimize-retry-seed-0-attempt-1,jobs/phase4-primary-query-optimize-retry-seed-0-attempt-1,ready,20000,not_started,Not launched by this branch.
primary,phase4-primary-query-optimize-001,query-optimize,retry,retry_attempt,0,phase4-primary-query-optimize-retry-seed-0-attempt-2,jobs/phase4-primary-query-optimize-retry-seed-0-attempt-2,ready,20000,not_started,Not launched by this branch.
primary,phase4-primary-query-optimize-001,query-optimize,retry,retry_attempt,0,phase4-primary-query-optimize-retry-seed-0-attempt-3,jobs/phase4-primary-query-optimize-retry-seed-0-attempt-3,ready,20000,not_started,Not launched by this branch.
primary,phase4-primary-query-optimize-001,query-optimize,retry,retry_attempt,0,phase4-primary-query-optimize-retry-seed-0-attempt-4,jobs/phase4-primary-query-optimize-retry-seed-0-attempt-4,ready,20000,not_started,Not launched by this branch.
primary,phase4-primary-query-optimize-001,query-optimize,random_branch,root,0,phase4-primary-query-optimize-random-branch-seed-0-root,jobs/phase4-primary-query-optimize-random-branch-seed-0-root,ready,30000,not_started,Not launched by this branch.
primary,phase4-primary-query-optimize-001,query-optimize,random_branch,continuation,0,phase4-primary-query-optimize-random-branch-seed-0-cont-0,jobs/phase4-primary-query-optimize-random-branch-seed-0-cont-0,pending_root_archive,35000,blocked_pending_root_archive,"Run root jobs first, then select archive snapshots for continuations."
primary,phase4-primary-query-optimize-001,query-optimize,random_branch,continuation,0,phase4-primary-query-optimize-random-branch-seed-0-cont-1,jobs/phase4-primary-query-optimize-random-branch-seed-0-cont-1,pending_root_archive,35000,blocked_pending_root_archive,"Run root jobs first, then select archive snapshots for continuations."
primary,phase4-primary-query-optimize-001,query-optimize,promising_branch,root,0,phase4-primary-query-optimize-promising-branch-seed-0-root,jobs/phase4-primary-query-optimize-promising-branch-seed-0-root,ready,30000,not_started,Not launched by this branch.
primary,phase4-primary-query-optimize-001,query-optimize,promising_branch,continuation,0,phase4-primary-query-optimize-promising-branch-seed-0-cont-0,jobs/phase4-primary-query-optimize-promising-branch-seed-0-cont-0,pending_root_archive,35000,blocked_pending_root_archive,"Run root jobs first, then select archive snapshots for continuations."
primary,phase4-primary-query-optimize-001,query-optimize,promising_branch,continuation,0,phase4-primary-query-optimize-promising-branch-seed-0-cont-1,jobs/phase4-primary-query-optimize-promising-branch-seed-0-cont-1,pending_root_archive,35000,blocked_pending_root_archive,"Run root jobs first, then select archive snapshots for continuations."
primary,phase4-primary-mteb-retrieve-001,mteb-retrieve,single,single,0,phase4-primary-mteb-retrieve-single-seed-0,jobs/phase4-primary-mteb-retrieve-single-seed-0,ready,100000,not_started,Not launched by this branch.
primary,phase4-primary-mteb-retrieve-001,mteb-retrieve,retry,retry_attempt,0,phase4-primary-mteb-retrieve-retry-seed-0-attempt-0,jobs/phase4-primary-mteb-retrieve-retry-seed-0-attempt-0,ready,20000,not_started,Not launched by this branch.
primary,phase4-primary-mteb-retrieve-001,mteb-retrieve,retry,retry_attempt,0,phase4-primary-mteb-retrieve-retry-seed-0-attempt-1,jobs/phase4-primary-mteb-retrieve-retry-seed-0-attempt-1,ready,20000,not_started,Not launched by this branch.
primary,phase4-primary-mteb-retrieve-001,mteb-retrieve,retry,retry_attempt,0,phase4-primary-mteb-retrieve-retry-seed-0-attempt-2,jobs/phase4-primary-mteb-retrieve-retry-seed-0-attempt-2,ready,20000,not_started,Not launched by this branch.
primary,phase4-primary-mteb-retrieve-001,mteb-retrieve,retry,retry_attempt,0,phase4-primary-mteb-retrieve-retry-seed-0-attempt-3,jobs/phase4-primary-mteb-retrieve-retry-seed-0-attempt-3,ready,20000,not_started,Not launched by this branch.
primary,phase4-primary-mteb-retrieve-001,mteb-retrieve,retry,retry_attempt,0,phase4-primary-mteb-retrieve-retry-seed-0-attempt-4,jobs/phase4-primary-mteb-retrieve-retry-seed-0-attempt-4,ready,20000,not_started,Not launched by this branch.
primary,phase4-primary-mteb-retrieve-001,mteb-retrieve,random_branch,root,0,phase4-primary-mteb-retrieve-random-branch-seed-0-root,jobs/phase4-primary-mteb-retrieve-random-branch-seed-0-root,ready,30000,not_started,Not launched by this branch.
primary,phase4-primary-mteb-retrieve-001,mteb-retrieve,random_branch,continuation,0,phase4-primary-mteb-retrieve-random-branch-seed-0-cont-0,jobs/phase4-primary-mteb-retrieve-random-branch-seed-0-cont-0,pending_root_archive,35000,blocked_pending_root_archive,"Run root jobs first, then select archive snapshots for continuations."
primary,phase4-primary-mteb-retrieve-001,mteb-retrieve,random_branch,continuation,0,phase4-primary-mteb-retrieve-random-branch-seed-0-cont-1,jobs/phase4-primary-mteb-retrieve-random-branch-seed-0-cont-1,pending_root_archive,35000,blocked_pending_root_archive,"Run root jobs first, then select archive snapshots for continuations."
primary,phase4-primary-mteb-retrieve-001,mteb-retrieve,promising_branch,root,0,phase4-primary-mteb-retrieve-promising-branch-seed-0-root,jobs/phase4-primary-mteb-retrieve-promising-branch-seed-0-root,ready,30000,not_started,Not launched by this branch.
primary,phase4-primary-mteb-retrieve-001,mteb-retrieve,promising_branch,continuation,0,phase4-primary-mteb-retrieve-promising-branch-seed-0-cont-0,jobs/phase4-primary-mteb-retrieve-promising-branch-seed-0-cont-0,pending_root_archive,35000,blocked_pending_root_archive,"Run root jobs first, then select archive snapshots for continuations."
primary,phase4-primary-mteb-retrieve-001,mteb-retrieve,promising_branch,continuation,0,phase4-primary-mteb-retrieve-promising-branch-seed-0-cont-1,jobs/phase4-primary-mteb-retrieve-promising-branch-seed-0-cont-1,pending_root_archive,35000,blocked_pending_root_archive,"Run root jobs first, then select archive snapshots for continuations."
primary,phase4-primary-build-cython-ext-001,build-cython-ext,single,single,0,phase4-primary-build-cython-ext-single-seed-0,jobs/phase4-primary-build-cython-ext-single-seed-0,ready,100000,not_started,Not launched by this branch.
primary,phase4-primary-build-cython-ext-001,build-cython-ext,retry,retry_attempt,0,phase4-primary-build-cython-ext-retry-seed-0-attempt-0,jobs/phase4-primary-build-cython-ext-retry-seed-0-attempt-0,ready,20000,not_started,Not launched by this branch.
primary,phase4-primary-build-cython-ext-001,build-cython-ext,retry,retry_attempt,0,phase4-primary-build-cython-ext-retry-seed-0-attempt-1,jobs/phase4-primary-build-cython-ext-retry-seed-0-attempt-1,ready,20000,not_started,Not launched by this branch.
primary,phase4-primary-build-cython-ext-001,build-cython-ext,retry,retry_attempt,0,phase4-primary-build-cython-ext-retry-seed-0-attempt-2,jobs/phase4-primary-build-cython-ext-retry-seed-0-attempt-2,ready,20000,not_started,Not launched by this branch.
primary,phase4-primary-build-cython-ext-001,build-cython-ext,retry,retry_attempt,0,phase4-primary-build-cython-ext-retry-seed-0-attempt-3,jobs/phase4-primary-build-cython-ext-retry-seed-0-attempt-3,ready,20000,not_started,Not launched by this branch.
primary,phase4-primary-build-cython-ext-001,build-cython-ext,retry,retry_attempt,0,phase4-primary-build-cython-ext-retry-seed-0-attempt-4,jobs/phase4-primary-build-cython-ext-retry-seed-0-attempt-4,ready,20000,not_started,Not launched by this branch.
primary,phase4-primary-build-cython-ext-001,build-cython-ext,random_branch,root,0,phase4-primary-build-cython-ext-random-branch-seed-0-root,jobs/phase4-primary-build-cython-ext-random-branch-seed-0-root,ready,30000,not_started,Not launched by this branch.
primary,phase4-primary-build-cython-ext-001,build-cython-ext,random_branch,continuation,0,phase4-primary-build-cython-ext-random-branch-seed-0-cont-0,jobs/phase4-primary-build-cython-ext-random-branch-seed-0-cont-0,pending_root_archive,35000,blocked_pending_root_archive,"Run root jobs first, then select archive snapshots for continuations."
primary,phase4-primary-build-cython-ext-001,build-cython-ext,random_branch,continuation,0,phase4-primary-build-cython-ext-random-branch-seed-0-cont-1,jobs/phase4-primary-build-cython-ext-random-branch-seed-0-cont-1,pending_root_archive,35000,blocked_pending_root_archive,"Run root jobs first, then select archive snapshots for continuations."
primary,phase4-primary-build-cython-ext-001,build-cython-ext,promising_branch,root,0,phase4-primary-build-cython-ext-promising-branch-seed-0-root,jobs/phase4-primary-build-cython-ext-promising-branch-seed-0-root,ready,30000,not_started,Not launched by this branch.
primary,phase4-primary-build-cython-ext-001,build-cython-ext,promising_branch,continuation,0,phase4-primary-build-cython-ext-promising-branch-seed-0-cont-0,jobs/phase4-primary-build-cython-ext-promising-branch-seed-0-cont-0,pending_root_archive,35000,blocked_pending_root_archive,"Run root jobs first, then select archive snapshots for continuations."
primary,phase4-primary-build-cython-ext-001,build-cython-ext,promising_branch,continuation,0,phase4-primary-build-cython-ext-promising-branch-seed-0-cont-1,jobs/phase4-primary-build-cython-ext-promising-branch-seed-0-cont-1,pending_root_archive,35000,blocked_pending_root_archive,"Run root jobs first, then select archive snapshots for continuations."
primary,phase4-primary-merge-diff-arc-agi-task-001,merge-diff-arc-agi-task,single,single,0,phase4-primary-merge-diff-arc-agi-task-single-seed-0,jobs/phase4-primary-merge-diff-arc-agi-task-single-seed-0,ready,100000,not_started,Not launched by this branch.
primary,phase4-primary-merge-diff-arc-agi-task-001,merge-diff-arc-agi-task,retry,retry_attempt,0,phase4-primary-merge-diff-arc-agi-task-retry-seed-0-attempt-0,jobs/phase4-primary-merge-diff-arc-agi-task-retry-seed-0-attempt-0,ready,20000,not_started,Not launched by this branch.
primary,phase4-primary-merge-diff-arc-agi-task-001,merge-diff-arc-agi-task,retry,retry_attempt,0,phase4-primary-merge-diff-arc-agi-task-retry-seed-0-attempt-1,jobs/phase4-primary-merge-diff-arc-agi-task-retry-seed-0-attempt-1,ready,20000,not_started,Not launched by this branch.
primary,phase4-primary-merge-diff-arc-agi-task-001,merge-diff-arc-agi-task,retry,retry_attempt,0,phase4-primary-merge-diff-arc-agi-task-retry-seed-0-attempt-2,jobs/phase4-primary-merge-diff-arc-agi-task-retry-seed-0-attempt-2,ready,20000,not_started,Not launched by this branch.
primary,phase4-primary-merge-diff-arc-agi-task-001,merge-diff-arc-agi-task,retry,retry_attempt,0,phase4-primary-merge-diff-arc-agi-task-retry-seed-0-attempt-3,jobs/phase4-primary-merge-diff-arc-agi-task-retry-seed-0-attempt-3,ready,20000,not_started,Not launched by this branch.
primary,phase4-primary-merge-diff-arc-agi-task-001,merge-diff-arc-agi-task,retry,retry_attempt,0,phase4-primary-merge-diff-arc-agi-task-retry-seed-0-attempt-4,jobs/phase4-primary-merge-diff-arc-agi-task-retry-seed-0-attempt-4,ready,20000,not_started,Not launched by this branch.
primary,phase4-primary-merge-diff-arc-agi-task-001,merge-diff-arc-agi-task,random_branch,root,0,phase4-primary-merge-diff-arc-agi-task-random-branch-seed-0-root,jobs/phase4-primary-merge-diff-arc-agi-task-random-branch-seed-0-root,ready,30000,not_started,Not launched by this branch.
primary,phase4-primary-merge-diff-arc-agi-task-001,merge-diff-arc-agi-task,random_branch,continuation,0,phase4-primary-merge-diff-arc-agi-task-random-branch-seed-0-cont-0,jobs/phase4-primary-merge-diff-arc-agi-task-random-branch-seed-0-cont-0,pending_root_archive,35000,blocked_pending_root_archive,"Run root jobs first, then select archive snapshots for continuations."
primary,phase4-primary-merge-diff-arc-agi-task-001,merge-diff-arc-agi-task,random_branch,continuation,0,phase4-primary-merge-diff-arc-agi-task-random-branch-seed-0-cont-1,jobs/phase4-primary-merge-diff-arc-agi-task-random-branch-seed-0-cont-1,pending_root_archive,35000,blocked_pending_root_archive,"Run root jobs first, then select archive snapshots for continuations."
primary,phase4-primary-merge-diff-arc-agi-task-001,merge-diff-arc-agi-task,promising_branch,root,0,phase4-primary-merge-diff-arc-agi-task-promising-branch-seed-0-root,jobs/phase4-primary-merge-diff-arc-agi-task-promising-branch-seed-0-root,ready,30000,not_started,Not launched by this branch.
primary,phase4-primary-merge-diff-arc-agi-task-001,merge-diff-arc-agi-task,promising_branch,continuation,0,phase4-primary-merge-diff-arc-agi-task-promising-branch-seed-0-cont-0,jobs/phase4-primary-merge-diff-arc-agi-task-promising-branch-seed-0-cont-0,pending_root_archive,35000,blocked_pending_root_archive,"Run root jobs first, then select archive snapshots for continuations."
primary,phase4-primary-merge-diff-arc-agi-task-001,merge-diff-arc-agi-task,promising_branch,continuation,0,phase4-primary-merge-diff-arc-agi-task-promising-branch-seed-0-cont-1,jobs/phase4-primary-merge-diff-arc-agi-task-promising-branch-seed-0-cont-1,pending_root_archive,35000,blocked_pending_root_archive,"Run root jobs first, then select archive snapshots for continuations."
primary,phase4-primary-sqlite-db-truncate-001,sqlite-db-truncate,single,single,0,phase4-primary-sqlite-db-truncate-single-seed-0,jobs/phase4-primary-sqlite-db-truncate-single-seed-0,ready,100000,not_started,Not launched by this branch.
primary,phase4-primary-sqlite-db-truncate-001,sqlite-db-truncate,retry,retry_attempt,0,phase4-primary-sqlite-db-truncate-retry-seed-0-attempt-0,jobs/phase4-primary-sqlite-db-truncate-retry-seed-0-attempt-0,ready,20000,not_started,Not launched by this branch.
primary,phase4-primary-sqlite-db-truncate-001,sqlite-db-truncate,retry,retry_attempt,0,phase4-primary-sqlite-db-truncate-retry-seed-0-attempt-1,jobs/phase4-primary-sqlite-db-truncate-retry-seed-0-attempt-1,ready,20000,not_started,Not launched by this branch.
primary,phase4-primary-sqlite-db-truncate-001,sqlite-db-truncate,retry,retry_attempt,0,phase4-primary-sqlite-db-truncate-retry-seed-0-attempt-2,jobs/phase4-primary-sqlite-db-truncate-retry-seed-0-attempt-2,ready,20000,not_started,Not launched by this branch.
primary,phase4-primary-sqlite-db-truncate-001,sqlite-db-truncate,retry,retry_attempt,0,phase4-primary-sqlite-db-truncate-retry-seed-0-attempt-3,jobs/phase4-primary-sqlite-db-truncate-retry-seed-0-attempt-3,ready,20000,not_started,Not launched by this branch.
primary,phase4-primary-sqlite-db-truncate-001,sqlite-db-truncate,retry,retry_attempt,0,phase4-primary-sqlite-db-truncate-retry-seed-0-attempt-4,jobs/phase4-primary-sqlite-db-truncate-retry-seed-0-attempt-4,ready,20000,not_started,Not launched by this branch.
primary,phase4-primary-sqlite-db-truncate-001,sqlite-db-truncate,random_branch,root,0,phase4-primary-sqlite-db-truncate-random-branch-seed-0-root,jobs/phase4-primary-sqlite-db-truncate-random-branch-seed-0-root,ready,30000,not_started,Not launched by this branch.
primary,phase4-primary-sqlite-db-truncate-001,sqlite-db-truncate,random_branch,continuation,0,phase4-primary-sqlite-db-truncate-random-branch-seed-0-cont-0,jobs/phase4-primary-sqlite-db-truncate-random-branch-seed-0-cont-0,pending_root_archive,35000,blocked_pending_root_archive,"Run root jobs first, then select archive snapshots for continuations."
primary,phase4-primary-sqlite-db-truncate-001,sqlite-db-truncate,random_branch,continuation,0,phase4-primary-sqlite-db-truncate-random-branch-seed-0-cont-1,jobs/phase4-primary-sqlite-db-truncate-random-branch-seed-0-cont-1,pending_root_archive,35000,blocked_pending_root_archive,"Run root jobs first, then select archive snapshots for continuations."
primary,phase4-primary-sqlite-db-truncate-001,sqlite-db-truncate,promising_branch,root,0,phase4-primary-sqlite-db-truncate-promising-branch-seed-0-root,jobs/phase4-primary-sqlite-db-truncate-promising-branch-seed-0-root,ready,30000,not_started,Not launched by this branch.
primary,phase4-primary-sqlite-db-truncate-001,sqlite-db-truncate,promising_branch,continuation,0,phase4-primary-sqlite-db-truncate-promising-branch-seed-0-cont-0,jobs/phase4-primary-sqlite-db-truncate-promising-branch-seed-0-cont-0,pending_root_archive,35000,blocked_pending_root_archive,"Run root jobs first, then select archive snapshots for continuations."
primary,phase4-primary-sqlite-db-truncate-001,sqlite-db-truncate,promising_branch,continuation,0,phase4-primary-sqlite-db-truncate-promising-branch-seed-0-cont-1,jobs/phase4-primary-sqlite-db-truncate-promising-branch-seed-0-cont-1,pending_root_archive,35000,blocked_pending_root_archive,"Run root jobs first, then select archive snapshots for continuations."
primary,phase4-primary-custom-memory-heap-crash-001,custom-memory-heap-crash,single,single,0,phase4-primary-custom-memory-heap-crash-single-seed-0,jobs/phase4-primary-custom-memory-heap-crash-single-seed-0,ready,100000,not_started,Not launched by this branch.
primary,phase4-primary-custom-memory-heap-crash-001,custom-memory-heap-crash,retry,retry_attempt,0,phase4-primary-custom-memory-heap-crash-retry-seed-0-attempt-0,jobs/phase4-primary-custom-memory-heap-crash-retry-seed-0-attempt-0,ready,20000,not_started,Not launched by this branch.
primary,phase4-primary-custom-memory-heap-crash-001,custom-memory-heap-crash,retry,retry_attempt,0,phase4-primary-custom-memory-heap-crash-retry-seed-0-attempt-1,jobs/phase4-primary-custom-memory-heap-crash-retry-seed-0-attempt-1,ready,20000,not_started,Not launched by this branch.
primary,phase4-primary-custom-memory-heap-crash-001,custom-memory-heap-crash,retry,retry_attempt,0,phase4-primary-custom-memory-heap-crash-retry-seed-0-attempt-2,jobs/phase4-primary-custom-memory-heap-crash-retry-seed-0-attempt-2,ready,20000,not_started,Not launched by this branch.
primary,phase4-primary-custom-memory-heap-crash-001,custom-memory-heap-crash,retry,retry_attempt,0,phase4-primary-custom-memory-heap-crash-retry-seed-0-attempt-3,jobs/phase4-primary-custom-memory-heap-crash-retry-seed-0-attempt-3,ready,20000,not_started,Not launched by this branch.
primary,phase4-primary-custom-memory-heap-crash-001,custom-memory-heap-crash,retry,retry_attempt,0,phase4-primary-custom-memory-heap-crash-retry-seed-0-attempt-4,jobs/phase4-primary-custom-memory-heap-crash-retry-seed-0-attempt-4,ready,20000,not_started,Not launched by this branch.
primary,phase4-primary-custom-memory-heap-crash-001,custom-memory-heap-crash,random_branch,root,0,phase4-primary-custom-memory-heap-crash-random-branch-seed-0-root,jobs/phase4-primary-custom-memory-heap-crash-random-branch-seed-0-root,ready,30000,not_started,Not launched by this branch.
primary,phase4-primary-custom-memory-heap-crash-001,custom-memory-heap-crash,random_branch,continuation,0,phase4-primary-custom-memory-heap-crash-random-branch-seed-0-cont-0,jobs/phase4-primary-custom-memory-heap-crash-random-branch-seed-0-cont-0,pending_root_archive,35000,blocked_pending_root_archive,"Run root jobs first, then select archive snapshots for continuations."
primary,phase4-primary-custom-memory-heap-crash-001,custom-memory-heap-crash,random_branch,continuation,0,phase4-primary-custom-memory-heap-crash-random-branch-seed-0-cont-1,jobs/phase4-primary-custom-memory-heap-crash-random-branch-seed-0-cont-1,pending_root_archive,35000,blocked_pending_root_archive,"Run root jobs first, then select archive snapshots for continuations."
primary,phase4-primary-custom-memory-heap-crash-001,custom-memory-heap-crash,promising_branch,root,0,phase4-primary-custom-memory-heap-crash-promising-branch-seed-0-root,jobs/phase4-primary-custom-memory-heap-crash-promising-branch-seed-0-root,ready,30000,not_started,Not launched by this branch.
primary,phase4-primary-custom-memory-heap-crash-001,custom-memory-heap-crash,promising_branch,continuation,0,phase4-primary-custom-memory-heap-crash-promising-branch-seed-0-cont-0,jobs/phase4-primary-custom-memory-heap-crash-promising-branch-seed-0-cont-0,pending_root_archive,35000,blocked_pending_root_archive,"Run root jobs first, then select archive snapshots for continuations."
primary,phase4-primary-custom-memory-heap-crash-001,custom-memory-heap-crash,promising_branch,continuation,0,phase4-primary-custom-memory-heap-crash-promising-branch-seed-0-cont-1,jobs/phase4-primary-custom-memory-heap-crash-promising-branch-seed-0-cont-1,pending_root_archive,35000,blocked_pending_root_archive,"Run root jobs first, then select archive snapshots for continuations."
primary,phase4-primary-db-wal-recovery-001,db-wal-recovery,single,single,0,phase4-primary-db-wal-recovery-single-seed-0,jobs/phase4-primary-db-wal-recovery-single-seed-0,ready,100000,not_started,Not launched by this branch.
primary,phase4-primary-db-wal-recovery-001,db-wal-recovery,retry,retry_attempt,0,phase4-primary-db-wal-recovery-retry-seed-0-attempt-0,jobs/phase4-primary-db-wal-recovery-retry-seed-0-attempt-0,ready,20000,not_started,Not launched by this branch.
primary,phase4-primary-db-wal-recovery-001,db-wal-recovery,retry,retry_attempt,0,phase4-primary-db-wal-recovery-retry-seed-0-attempt-1,jobs/phase4-primary-db-wal-recovery-retry-seed-0-attempt-1,ready,20000,not_started,Not launched by this branch.
primary,phase4-primary-db-wal-recovery-001,db-wal-recovery,retry,retry_attempt,0,phase4-primary-db-wal-recovery-retry-seed-0-attempt-2,jobs/phase4-primary-db-wal-recovery-retry-seed-0-attempt-2,ready,20000,not_started,Not launched by this branch.
primary,phase4-primary-db-wal-recovery-001,db-wal-recovery,retry,retry_attempt,0,phase4-primary-db-wal-recovery-retry-seed-0-attempt-3,jobs/phase4-primary-db-wal-recovery-retry-seed-0-attempt-3,ready,20000,not_started,Not launched by this branch.
primary,phase4-primary-db-wal-recovery-001,db-wal-recovery,retry,retry_attempt,0,phase4-primary-db-wal-recovery-retry-seed-0-attempt-4,jobs/phase4-primary-db-wal-recovery-retry-seed-0-attempt-4,ready,20000,not_started,Not launched by this branch.
primary,phase4-primary-db-wal-recovery-001,db-wal-recovery,random_branch,root,0,phase4-primary-db-wal-recovery-random-branch-seed-0-root,jobs/phase4-primary-db-wal-recovery-random-branch-seed-0-root,ready,30000,not_started,Not launched by this branch.
primary,phase4-primary-db-wal-recovery-001,db-wal-recovery,random_branch,continuation,0,phase4-primary-db-wal-recovery-random-branch-seed-0-cont-0,jobs/phase4-primary-db-wal-recovery-random-branch-seed-0-cont-0,pending_root_archive,35000,blocked_pending_root_archive,"Run root jobs first, then select archive snapshots for continuations."
primary,phase4-primary-db-wal-recovery-001,db-wal-recovery,random_branch,continuation,0,phase4-primary-db-wal-recovery-random-branch-seed-0-cont-1,jobs/phase4-primary-db-wal-recovery-random-branch-seed-0-cont-1,pending_root_archive,35000,blocked_pending_root_archive,"Run root jobs first, then select archive snapshots for continuations."
primary,phase4-primary-db-wal-recovery-001,db-wal-recovery,promising_branch,root,0,phase4-primary-db-wal-recovery-promising-branch-seed-0-root,jobs/phase4-primary-db-wal-recovery-promising-branch-seed-0-root,ready,30000,not_started,Not launched by this branch.
primary,phase4-primary-db-wal-recovery-001,db-wal-recovery,promising_branch,continuation,0,phase4-primary-db-wal-recovery-promising-branch-seed-0-cont-0,jobs/phase4-primary-db-wal-recovery-promising-branch-seed-0-cont-0,pending_root_archive,35000,blocked_pending_root_archive,"Run root jobs first, then select archive snapshots for continuations."
primary,phase4-primary-db-wal-recovery-001,db-wal-recovery,promising_branch,continuation,0,phase4-primary-db-wal-recovery-promising-branch-seed-0-cont-1,jobs/phase4-primary-db-wal-recovery-promising-branch-seed-0-cont-1,pending_root_archive,35000,blocked_pending_root_archive,"Run root jobs first, then select archive snapshots for continuations."
primary,phase4-primary-extract-elf-001,extract-elf,single,single,0,phase4-primary-extract-elf-single-seed-0,jobs/phase4-primary-extract-elf-single-seed-0,ready,100000,not_started,Not launched by this branch.
primary,phase4-primary-extract-elf-001,extract-elf,retry,retry_attempt,0,phase4-primary-extract-elf-retry-seed-0-attempt-0,jobs/phase4-primary-extract-elf-retry-seed-0-attempt-0,ready,20000,not_started,Not launched by this branch.
primary,phase4-primary-extract-elf-001,extract-elf,retry,retry_attempt,0,phase4-primary-extract-elf-retry-seed-0-attempt-1,jobs/phase4-primary-extract-elf-retry-seed-0-attempt-1,ready,20000,not_started,Not launched by this branch.
primary,phase4-primary-extract-elf-001,extract-elf,retry,retry_attempt,0,phase4-primary-extract-elf-retry-seed-0-attempt-2,jobs/phase4-primary-extract-elf-retry-seed-0-attempt-2,ready,20000,not_started,Not launched by this branch.
primary,phase4-primary-extract-elf-001,extract-elf,retry,retry_attempt,0,phase4-primary-extract-elf-retry-seed-0-attempt-3,jobs/phase4-primary-extract-elf-retry-seed-0-attempt-3,ready,20000,not_started,Not launched by this branch.
primary,phase4-primary-extract-elf-001,extract-elf,retry,retry_attempt,0,phase4-primary-extract-elf-retry-seed-0-attempt-4,jobs/phase4-primary-extract-elf-retry-seed-0-attempt-4,ready,20000,not_started,Not launched by this branch.
primary,phase4-primary-extract-elf-001,extract-elf,random_branch,root,0,phase4-primary-extract-elf-random-branch-seed-0-root,jobs/phase4-primary-extract-elf-random-branch-seed-0-root,ready,30000,not_started,Not launched by this branch.
primary,phase4-primary-extract-elf-001,extract-elf,random_branch,continuation,0,phase4-primary-extract-elf-random-branch-seed-0-cont-0,jobs/phase4-primary-extract-elf-random-branch-seed-0-cont-0,pending_root_archive,35000,blocked_pending_root_archive,"Run root jobs first, then select archive snapshots for continuations."
primary,phase4-primary-extract-elf-001,extract-elf,random_branch,continuation,0,phase4-primary-extract-elf-random-branch-seed-0-cont-1,jobs/phase4-primary-extract-elf-random-branch-seed-0-cont-1,pending_root_archive,35000,blocked_pending_root_archive,"Run root jobs first, then select archive snapshots for continuations."
primary,phase4-primary-extract-elf-001,extract-elf,promising_branch,root,0,phase4-primary-extract-elf-promising-branch-seed-0-root,jobs/phase4-primary-extract-elf-promising-branch-seed-0-root,ready,30000,not_started,Not launched by this branch.
primary,phase4-primary-extract-elf-001,extract-elf,promising_branch,continuation,0,phase4-primary-extract-elf-promising-branch-seed-0-cont-0,jobs/phase4-primary-extract-elf-promising-branch-seed-0-cont-0,pending_root_archive,35000,blocked_pending_root_archive,"Run root jobs first, then select archive snapshots for continuations."
primary,phase4-primary-extract-elf-001,extract-elf,promising_branch,continuation,0,phase4-primary-extract-elf-promising-branch-seed-0-cont-1,jobs/phase4-primary-extract-elf-promising-branch-seed-0-cont-1,pending_root_archive,35000,blocked_pending_root_archive,"Run root jobs first, then select archive snapshots for continuations."
primary,phase4-primary-large-scale-text-editing-001,large-scale-text-editing,single,single,0,phase4-primary-large-scale-text-editing-single-seed-0,jobs/phase4-primary-large-scale-text-editing-single-seed-0,ready,100000,not_started,Not launched by this branch.
primary,phase4-primary-large-scale-text-editing-001,large-scale-text-editing,retry,retry_attempt,0,phase4-primary-large-scale-text-editing-retry-seed-0-attempt-0,jobs/phase4-primary-large-scale-text-editing-retry-seed-0-attempt-0,ready,20000,not_started,Not launched by this branch.
primary,phase4-primary-large-scale-text-editing-001,large-scale-text-editing,retry,retry_attempt,0,phase4-primary-large-scale-text-editing-retry-seed-0-attempt-1,jobs/phase4-primary-large-scale-text-editing-retry-seed-0-attempt-1,ready,20000,not_started,Not launched by this branch.
primary,phase4-primary-large-scale-text-editing-001,large-scale-text-editing,retry,retry_attempt,0,phase4-primary-large-scale-text-editing-retry-seed-0-attempt-2,jobs/phase4-primary-large-scale-text-editing-retry-seed-0-attempt-2,ready,20000,not_started,Not launched by this branch.
primary,phase4-primary-large-scale-text-editing-001,large-scale-text-editing,retry,retry_attempt,0,phase4-primary-large-scale-text-editing-retry-seed-0-attempt-3,jobs/phase4-primary-large-scale-text-editing-retry-seed-0-attempt-3,ready,20000,not_started,Not launched by this branch.
primary,phase4-primary-large-scale-text-editing-001,large-scale-text-editing,retry,retry_attempt,0,phase4-primary-large-scale-text-editing-retry-seed-0-attempt-4,jobs/phase4-primary-large-scale-text-editing-retry-seed-0-attempt-4,ready,20000,not_started,Not launched by this branch.
primary,phase4-primary-large-scale-text-editing-001,large-scale-text-editing,random_branch,root,0,phase4-primary-large-scale-text-editing-random-branch-seed-0-root,jobs/phase4-primary-large-scale-text-editing-random-branch-seed-0-root,ready,30000,not_started,Not launched by this branch.
primary,phase4-primary-large-scale-text-editing-001,large-scale-text-editing,random_branch,continuation,0,phase4-primary-large-scale-text-editing-random-branch-seed-0-cont-0,jobs/phase4-primary-large-scale-text-editing-random-branch-seed-0-cont-0,pending_root_archive,35000,blocked_pending_root_archive,"Run root jobs first, then select archive snapshots for continuations."
primary,phase4-primary-large-scale-text-editing-001,large-scale-text-editing,random_branch,continuation,0,phase4-primary-large-scale-text-editing-random-branch-seed-0-cont-1,jobs/phase4-primary-large-scale-text-editing-random-branch-seed-0-cont-1,pending_root_archive,35000,blocked_pending_root_archive,"Run root jobs first, then select archive snapshots for continuations."
primary,phase4-primary-large-scale-text-editing-001,large-scale-text-editing,promising_branch,root,0,phase4-primary-large-scale-text-editing-promising-branch-seed-0-root,jobs/phase4-primary-large-scale-text-editing-promising-branch-seed-0-root,ready,30000,not_started,Not launched by this branch.
primary,phase4-primary-large-scale-text-editing-001,large-scale-text-editing,promising_branch,continuation,0,phase4-primary-large-scale-text-editing-promising-branch-seed-0-cont-0,jobs/phase4-primary-large-scale-text-editing-promising-branch-seed-0-cont-0,pending_root_archive,35000,blocked_pending_root_archive,"Run root jobs first, then select archive snapshots for continuations."
primary,phase4-primary-large-scale-text-editing-001,large-scale-text-editing,promising_branch,continuation,0,phase4-primary-large-scale-text-editing-promising-branch-seed-0-cont-1,jobs/phase4-primary-large-scale-text-editing-promising-branch-seed-0-cont-1,pending_root_archive,35000,blocked_pending_root_archive,"Run root jobs first, then select archive snapshots for continuations."
primary,phase4-primary-caffe-cifar-10-001,caffe-cifar-10,single,single,0,phase4-primary-caffe-cifar-10-single-seed-0,jobs/phase4-primary-caffe-cifar-10-single-seed-0,ready,100000,not_started,Not launched by this branch.
primary,phase4-primary-caffe-cifar-10-001,caffe-cifar-10,retry,retry_attempt,0,phase4-primary-caffe-cifar-10-retry-seed-0-attempt-0,jobs/phase4-primary-caffe-cifar-10-retry-seed-0-attempt-0,ready,20000,not_started,Not launched by this branch.
primary,phase4-primary-caffe-cifar-10-001,caffe-cifar-10,retry,retry_attempt,0,phase4-primary-caffe-cifar-10-retry-seed-0-attempt-1,jobs/phase4-primary-caffe-cifar-10-retry-seed-0-attempt-1,ready,20000,not_started,Not launched by this branch.
primary,phase4-primary-caffe-cifar-10-001,caffe-cifar-10,retry,retry_attempt,0,phase4-primary-caffe-cifar-10-retry-seed-0-attempt-2,jobs/phase4-primary-caffe-cifar-10-retry-seed-0-attempt-2,ready,20000,not_started,Not launched by this branch.
primary,phase4-primary-caffe-cifar-10-001,caffe-cifar-10,retry,retry_attempt,0,phase4-primary-caffe-cifar-10-retry-seed-0-attempt-3,jobs/phase4-primary-caffe-cifar-10-retry-seed-0-attempt-3,ready,20000,not_started,Not launched by this branch.
primary,phase4-primary-caffe-cifar-10-001,caffe-cifar-10,retry,retry_attempt,0,phase4-primary-caffe-cifar-10-retry-seed-0-attempt-4,jobs/phase4-primary-caffe-cifar-10-retry-seed-0-attempt-4,ready,20000,not_started,Not launched by this branch.
primary,phase4-primary-caffe-cifar-10-001,caffe-cifar-10,random_branch,root,0,phase4-primary-caffe-cifar-10-random-branch-seed-0-root,jobs/phase4-primary-caffe-cifar-10-random-branch-seed-0-root,ready,30000,not_started,Not launched by this branch.
primary,phase4-primary-caffe-cifar-10-001,caffe-cifar-10,random_branch,continuation,0,phase4-primary-caffe-cifar-10-random-branch-seed-0-cont-0,jobs/phase4-primary-caffe-cifar-10-random-branch-seed-0-cont-0,pending_root_archive,35000,blocked_pending_root_archive,"Run root jobs first, then select archive snapshots for continuations."
primary,phase4-primary-caffe-cifar-10-001,caffe-cifar-10,random_branch,continuation,0,phase4-primary-caffe-cifar-10-random-branch-seed-0-cont-1,jobs/phase4-primary-caffe-cifar-10-random-branch-seed-0-cont-1,pending_root_archive,35000,blocked_pending_root_archive,"Run root jobs first, then select archive snapshots for continuations."
primary,phase4-primary-caffe-cifar-10-001,caffe-cifar-10,promising_branch,root,0,phase4-primary-caffe-cifar-10-promising-branch-seed-0-root,jobs/phase4-primary-caffe-cifar-10-promising-branch-seed-0-root,ready,30000,not_started,Not launched by this branch.
primary,phase4-primary-caffe-cifar-10-001,caffe-cifar-10,promising_branch,continuation,0,phase4-primary-caffe-cifar-10-promising-branch-seed-0-cont-0,jobs/phase4-primary-caffe-cifar-10-promising-branch-seed-0-cont-0,pending_root_archive,35000,blocked_pending_root_archive,"Run root jobs first, then select archive snapshots for continuations."
primary,phase4-primary-caffe-cifar-10-001,caffe-cifar-10,promising_branch,continuation,0,phase4-primary-caffe-cifar-10-promising-branch-seed-0-cont-1,jobs/phase4-primary-caffe-cifar-10-promising-branch-seed-0-cont-1,pending_root_archive,35000,blocked_pending_root_archive,"Run root jobs first, then select archive snapshots for continuations."
primary,phase4-primary-count-dataset-tokens-001,count-dataset-tokens,single,single,0,phase4-primary-count-dataset-tokens-single-seed-0,jobs/phase4-primary-count-dataset-tokens-single-seed-0,ready,100000,not_started,Not launched by this branch.
primary,phase4-primary-count-dataset-tokens-001,count-dataset-tokens,retry,retry_attempt,0,phase4-primary-count-dataset-tokens-retry-seed-0-attempt-0,jobs/phase4-primary-count-dataset-tokens-retry-seed-0-attempt-0,ready,20000,not_started,Not launched by this branch.
primary,phase4-primary-count-dataset-tokens-001,count-dataset-tokens,retry,retry_attempt,0,phase4-primary-count-dataset-tokens-retry-seed-0-attempt-1,jobs/phase4-primary-count-dataset-tokens-retry-seed-0-attempt-1,ready,20000,not_started,Not launched by this branch.
primary,phase4-primary-count-dataset-tokens-001,count-dataset-tokens,retry,retry_attempt,0,phase4-primary-count-dataset-tokens-retry-seed-0-attempt-2,jobs/phase4-primary-count-dataset-tokens-retry-seed-0-attempt-2,ready,20000,not_started,Not launched by this branch.
primary,phase4-primary-count-dataset-tokens-001,count-dataset-tokens,retry,retry_attempt,0,phase4-primary-count-dataset-tokens-retry-seed-0-attempt-3,jobs/phase4-primary-count-dataset-tokens-retry-seed-0-attempt-3,ready,20000,not_started,Not launched by this branch.
primary,phase4-primary-count-dataset-tokens-001,count-dataset-tokens,retry,retry_attempt,0,phase4-primary-count-dataset-tokens-retry-seed-0-attempt-4,jobs/phase4-primary-count-dataset-tokens-retry-seed-0-attempt-4,ready,20000,not_started,Not launched by this branch.
primary,phase4-primary-count-dataset-tokens-001,count-dataset-tokens,random_branch,root,0,phase4-primary-count-dataset-tokens-random-branch-seed-0-root,jobs/phase4-primary-count-dataset-tokens-random-branch-seed-0-root,ready,30000,not_started,Not launched by this branch.
primary,phase4-primary-count-dataset-tokens-001,count-dataset-tokens,random_branch,continuation,0,phase4-primary-count-dataset-tokens-random-branch-seed-0-cont-0,jobs/phase4-primary-count-dataset-tokens-random-branch-seed-0-cont-0,pending_root_archive,35000,blocked_pending_root_archive,"Run root jobs first, then select archive snapshots for continuations."
primary,phase4-primary-count-dataset-tokens-001,count-dataset-tokens,random_branch,continuation,0,phase4-primary-count-dataset-tokens-random-branch-seed-0-cont-1,jobs/phase4-primary-count-dataset-tokens-random-branch-seed-0-cont-1,pending_root_archive,35000,blocked_pending_root_archive,"Run root jobs first, then select archive snapshots for continuations."
primary,phase4-primary-count-dataset-tokens-001,count-dataset-tokens,promising_branch,root,0,phase4-primary-count-dataset-tokens-promising-branch-seed-0-root,jobs/phase4-primary-count-dataset-tokens-promising-branch-seed-0-root,ready,30000,not_started,Not launched by this branch.
primary,phase4-primary-count-dataset-tokens-001,count-dataset-tokens,promising_branch,continuation,0,phase4-primary-count-dataset-tokens-promising-branch-seed-0-cont-0,jobs/phase4-primary-count-dataset-tokens-promising-branch-seed-0-cont-0,pending_root_archive,35000,blocked_pending_root_archive,"Run root jobs first, then select archive snapshots for continuations."
primary,phase4-primary-count-dataset-tokens-001,count-dataset-tokens,promising_branch,continuation,0,phase4-primary-count-dataset-tokens-promising-branch-seed-0-cont-1,jobs/phase4-primary-count-dataset-tokens-promising-branch-seed-0-cont-1,pending_root_archive,35000,blocked_pending_root_archive,"Run root jobs first, then select archive snapshots for continuations."
primary,phase4-primary-pytorch-model-cli-001,pytorch-model-cli,single,single,0,phase4-primary-pytorch-model-cli-single-seed-0,jobs/phase4-primary-pytorch-model-cli-single-seed-0,ready,100000,not_started,Not launched by this branch.
primary,phase4-primary-pytorch-model-cli-001,pytorch-model-cli,retry,retry_attempt,0,phase4-primary-pytorch-model-cli-retry-seed-0-attempt-0,jobs/phase4-primary-pytorch-model-cli-retry-seed-0-attempt-0,ready,20000,not_started,Not launched by this branch.
primary,phase4-primary-pytorch-model-cli-001,pytorch-model-cli,retry,retry_attempt,0,phase4-primary-pytorch-model-cli-retry-seed-0-attempt-1,jobs/phase4-primary-pytorch-model-cli-retry-seed-0-attempt-1,ready,20000,not_started,Not launched by this branch.
primary,phase4-primary-pytorch-model-cli-001,pytorch-model-cli,retry,retry_attempt,0,phase4-primary-pytorch-model-cli-retry-seed-0-attempt-2,jobs/phase4-primary-pytorch-model-cli-retry-seed-0-attempt-2,ready,20000,not_started,Not launched by this branch.
primary,phase4-primary-pytorch-model-cli-001,pytorch-model-cli,retry,retry_attempt,0,phase4-primary-pytorch-model-cli-retry-seed-0-attempt-3,jobs/phase4-primary-pytorch-model-cli-retry-seed-0-attempt-3,ready,20000,not_started,Not launched by this branch.
primary,phase4-primary-pytorch-model-cli-001,pytorch-model-cli,retry,retry_attempt,0,phase4-primary-pytorch-model-cli-retry-seed-0-attempt-4,jobs/phase4-primary-pytorch-model-cli-retry-seed-0-attempt-4,ready,20000,not_started,Not launched by this branch.
primary,phase4-primary-pytorch-model-cli-001,pytorch-model-cli,random_branch,root,0,phase4-primary-pytorch-model-cli-random-branch-seed-0-root,jobs/phase4-primary-pytorch-model-cli-random-branch-seed-0-root,ready,30000,not_started,Not launched by this branch.
primary,phase4-primary-pytorch-model-cli-001,pytorch-model-cli,random_branch,continuation,0,phase4-primary-pytorch-model-cli-random-branch-seed-0-cont-0,jobs/phase4-primary-pytorch-model-cli-random-branch-seed-0-cont-0,pending_root_archive,35000,blocked_pending_root_archive,"Run root jobs first, then select archive snapshots for continuations."
primary,phase4-primary-pytorch-model-cli-001,pytorch-model-cli,random_branch,continuation,0,phase4-primary-pytorch-model-cli-random-branch-seed-0-cont-1,jobs/phase4-primary-pytorch-model-cli-random-branch-seed-0-cont-1,pending_root_archive,35000,blocked_pending_root_archive,"Run root jobs first, then select archive snapshots for continuations."
primary,phase4-primary-pytorch-model-cli-001,pytorch-model-cli,promising_branch,root,0,phase4-primary-pytorch-model-cli-promising-branch-seed-0-root,jobs/phase4-primary-pytorch-model-cli-promising-branch-seed-0-root,ready,30000,not_started,Not launched by this branch.
primary,phase4-primary-pytorch-model-cli-001,pytorch-model-cli,promising_branch,continuation,0,phase4-primary-pytorch-model-cli-promising-branch-seed-0-cont-0,jobs/phase4-primary-pytorch-model-cli-promising-branch-seed-0-cont-0,pending_root_archive,35000,blocked_pending_root_archive,"Run root jobs first, then select archive snapshots for continuations."
primary,phase4-primary-pytorch-model-cli-001,pytorch-model-cli,promising_branch,continuation,0,phase4-primary-pytorch-model-cli-promising-branch-seed-0-cont-1,jobs/phase4-primary-pytorch-model-cli-promising-branch-seed-0-cont-1,pending_root_archive,35000,blocked_pending_root_archive,"Run root jobs first, then select archive snapshots for continuations."
primary,phase4-primary-pytorch-model-recovery-001,pytorch-model-recovery,single,single,0,phase4-primary-pytorch-model-recovery-single-seed-0,jobs/phase4-primary-pytorch-model-recovery-single-seed-0,ready,100000,not_started,Not launched by this branch.
primary,phase4-primary-pytorch-model-recovery-001,pytorch-model-recovery,retry,retry_attempt,0,phase4-primary-pytorch-model-recovery-retry-seed-0-attempt-0,jobs/phase4-primary-pytorch-model-recovery-retry-seed-0-attempt-0,ready,20000,not_started,Not launched by this branch.
primary,phase4-primary-pytorch-model-recovery-001,pytorch-model-recovery,retry,retry_attempt,0,phase4-primary-pytorch-model-recovery-retry-seed-0-attempt-1,jobs/phase4-primary-pytorch-model-recovery-retry-seed-0-attempt-1,ready,20000,not_started,Not launched by this branch.
primary,phase4-primary-pytorch-model-recovery-001,pytorch-model-recovery,retry,retry_attempt,0,phase4-primary-pytorch-model-recovery-retry-seed-0-attempt-2,jobs/phase4-primary-pytorch-model-recovery-retry-seed-0-attempt-2,ready,20000,not_started,Not launched by this branch.
primary,phase4-primary-pytorch-model-recovery-001,pytorch-model-recovery,retry,retry_attempt,0,phase4-primary-pytorch-model-recovery-retry-seed-0-attempt-3,jobs/phase4-primary-pytorch-model-recovery-retry-seed-0-attempt-3,ready,20000,not_started,Not launched by this branch.
primary,phase4-primary-pytorch-model-recovery-001,pytorch-model-recovery,retry,retry_attempt,0,phase4-primary-pytorch-model-recovery-retry-seed-0-attempt-4,jobs/phase4-primary-pytorch-model-recovery-retry-seed-0-attempt-4,ready,20000,not_started,Not launched by this branch.
primary,phase4-primary-pytorch-model-recovery-001,pytorch-model-recovery,random_branch,root,0,phase4-primary-pytorch-model-recovery-random-branch-seed-0-root,jobs/phase4-primary-pytorch-model-recovery-random-branch-seed-0-root,ready,30000,not_started,Not launched by this branch.
primary,phase4-primary-pytorch-model-recovery-001,pytorch-model-recovery,random_branch,continuation,0,phase4-primary-pytorch-model-recovery-random-branch-seed-0-cont-0,jobs/phase4-primary-pytorch-model-recovery-random-branch-seed-0-cont-0,pending_root_archive,35000,blocked_pending_root_archive,"Run root jobs first, then select archive snapshots for continuations."
primary,phase4-primary-pytorch-model-recovery-001,pytorch-model-recovery,random_branch,continuation,0,phase4-primary-pytorch-model-recovery-random-branch-seed-0-cont-1,jobs/phase4-primary-pytorch-model-recovery-random-branch-seed-0-cont-1,pending_root_archive,35000,blocked_pending_root_archive,"Run root jobs first, then select archive snapshots for continuations."
primary,phase4-primary-pytorch-model-recovery-001,pytorch-model-recovery,promising_branch,root,0,phase4-primary-pytorch-model-recovery-promising-branch-seed-0-root,jobs/phase4-primary-pytorch-model-recovery-promising-branch-seed-0-root,ready,30000,not_started,Not launched by this branch.
primary,phase4-primary-pytorch-model-recovery-001,pytorch-model-recovery,promising_branch,continuation,0,phase4-primary-pytorch-model-recovery-promising-branch-seed-0-cont-0,jobs/phase4-primary-pytorch-model-recovery-promising-branch-seed-0-cont-0,pending_root_archive,35000,blocked_pending_root_archive,"Run root jobs first, then select archive snapshots for continuations."
primary,phase4-primary-pytorch-model-recovery-001,pytorch-model-recovery,promising_branch,continuation,0,phase4-primary-pytorch-model-recovery-promising-branch-seed-0-cont-1,jobs/phase4-primary-pytorch-model-recovery-promising-branch-seed-0-cont-1,pending_root_archive,35000,blocked_pending_root_archive,"Run root jobs first, then select archive snapshots for continuations."
primary,phase4-primary-modernize-scientific-stack-001,modernize-scientific-stack,single,single,0,phase4-primary-modernize-scientific-stack-single-seed-0,jobs/phase4-primary-modernize-scientific-stack-single-seed-0,ready,100000,not_started,Not launched by this branch.
primary,phase4-primary-modernize-scientific-stack-001,modernize-scientific-stack,retry,retry_attempt,0,phase4-primary-modernize-scientific-stack-retry-seed-0-attempt-0,jobs/phase4-primary-modernize-scientific-stack-retry-seed-0-attempt-0,ready,20000,not_started,Not launched by this branch.
primary,phase4-primary-modernize-scientific-stack-001,modernize-scientific-stack,retry,retry_attempt,0,phase4-primary-modernize-scientific-stack-retry-seed-0-attempt-1,jobs/phase4-primary-modernize-scientific-stack-retry-seed-0-attempt-1,ready,20000,not_started,Not launched by this branch.
primary,phase4-primary-modernize-scientific-stack-001,modernize-scientific-stack,retry,retry_attempt,0,phase4-primary-modernize-scientific-stack-retry-seed-0-attempt-2,jobs/phase4-primary-modernize-scientific-stack-retry-seed-0-attempt-2,ready,20000,not_started,Not launched by this branch.
primary,phase4-primary-modernize-scientific-stack-001,modernize-scientific-stack,retry,retry_attempt,0,phase4-primary-modernize-scientific-stack-retry-seed-0-attempt-3,jobs/phase4-primary-modernize-scientific-stack-retry-seed-0-attempt-3,ready,20000,not_started,Not launched by this branch.
primary,phase4-primary-modernize-scientific-stack-001,modernize-scientific-stack,retry,retry_attempt,0,phase4-primary-modernize-scientific-stack-retry-seed-0-attempt-4,jobs/phase4-primary-modernize-scientific-stack-retry-seed-0-attempt-4,ready,20000,not_started,Not launched by this branch.
primary,phase4-primary-modernize-scientific-stack-001,modernize-scientific-stack,random_branch,root,0,phase4-primary-modernize-scientific-stack-random-branch-seed-0-root,jobs/phase4-primary-modernize-scientific-stack-random-branch-seed-0-root,ready,30000,not_started,Not launched by this branch.
primary,phase4-primary-modernize-scientific-stack-001,modernize-scientific-stack,random_branch,continuation,0,phase4-primary-modernize-scientific-stack-random-branch-seed-0-cont-0,jobs/phase4-primary-modernize-scientific-stack-random-branch-seed-0-cont-0,pending_root_archive,35000,blocked_pending_root_archive,"Run root jobs first, then select archive snapshots for continuations."
primary,phase4-primary-modernize-scientific-stack-001,modernize-scientific-stack,random_branch,continuation,0,phase4-primary-modernize-scientific-stack-random-branch-seed-0-cont-1,jobs/phase4-primary-modernize-scientific-stack-random-branch-seed-0-cont-1,pending_root_archive,35000,blocked_pending_root_archive,"Run root jobs first, then select archive snapshots for continuations."
primary,phase4-primary-modernize-scientific-stack-001,modernize-scientific-stack,promising_branch,root,0,phase4-primary-modernize-scientific-stack-promising-branch-seed-0-root,jobs/phase4-primary-modernize-scientific-stack-promising-branch-seed-0-root,ready,30000,not_started,Not launched by this branch.
primary,phase4-primary-modernize-scientific-stack-001,modernize-scientific-stack,promising_branch,continuation,0,phase4-primary-modernize-scientific-stack-promising-branch-seed-0-cont-0,jobs/phase4-primary-modernize-scientific-stack-promising-branch-seed-0-cont-0,pending_root_archive,35000,blocked_pending_root_archive,"Run root jobs first, then select archive snapshots for continuations."
primary,phase4-primary-modernize-scientific-stack-001,modernize-scientific-stack,promising_branch,continuation,0,phase4-primary-modernize-scientific-stack-promising-branch-seed-0-cont-1,jobs/phase4-primary-modernize-scientific-stack-promising-branch-seed-0-cont-1,pending_root_archive,35000,blocked_pending_root_archive,"Run root jobs first, then select archive snapshots for continuations."
primary,phase4-primary-adaptive-rejection-sampler-001,adaptive-rejection-sampler,single,single,0,phase4-primary-adaptive-rejection-sampler-single-seed-0,jobs/phase4-primary-adaptive-rejection-sampler-single-seed-0,ready,100000,not_started,Not launched by this branch.
primary,phase4-primary-adaptive-rejection-sampler-001,adaptive-rejection-sampler,retry,retry_attempt,0,phase4-primary-adaptive-rejection-sampler-retry-seed-0-attempt-0,jobs/phase4-primary-adaptive-rejection-sampler-retry-seed-0-attempt-0,ready,20000,not_started,Not launched by this branch.
primary,phase4-primary-adaptive-rejection-sampler-001,adaptive-rejection-sampler,retry,retry_attempt,0,phase4-primary-adaptive-rejection-sampler-retry-seed-0-attempt-1,jobs/phase4-primary-adaptive-rejection-sampler-retry-seed-0-attempt-1,ready,20000,not_started,Not launched by this branch.
primary,phase4-primary-adaptive-rejection-sampler-001,adaptive-rejection-sampler,retry,retry_attempt,0,phase4-primary-adaptive-rejection-sampler-retry-seed-0-attempt-2,jobs/phase4-primary-adaptive-rejection-sampler-retry-seed-0-attempt-2,ready,20000,not_started,Not launched by this branch.
primary,phase4-primary-adaptive-rejection-sampler-001,adaptive-rejection-sampler,retry,retry_attempt,0,phase4-primary-adaptive-rejection-sampler-retry-seed-0-attempt-3,jobs/phase4-primary-adaptive-rejection-sampler-retry-seed-0-attempt-3,ready,20000,not_started,Not launched by this branch.
primary,phase4-primary-adaptive-rejection-sampler-001,adaptive-rejection-sampler,retry,retry_attempt,0,phase4-primary-adaptive-rejection-sampler-retry-seed-0-attempt-4,jobs/phase4-primary-adaptive-rejection-sampler-retry-seed-0-attempt-4,ready,20000,not_started,Not launched by this branch.
primary,phase4-primary-adaptive-rejection-sampler-001,adaptive-rejection-sampler,random_branch,root,0,phase4-primary-adaptive-rejection-sampler-random-branch-seed-0-root,jobs/phase4-primary-adaptive-rejection-sampler-random-branch-seed-0-root,ready,30000,not_started,Not launched by this branch.
primary,phase4-primary-adaptive-rejection-sampler-001,adaptive-rejection-sampler,random_branch,continuation,0,phase4-primary-adaptive-rejection-sampler-random-branch-seed-0-cont-0,jobs/phase4-primary-adaptive-rejection-sampler-random-branch-seed-0-cont-0,pending_root_archive,35000,blocked_pending_root_archive,"Run root jobs first, then select archive snapshots for continuations."
primary,phase4-primary-adaptive-rejection-sampler-001,adaptive-rejection-sampler,random_branch,continuation,0,phase4-primary-adaptive-rejection-sampler-random-branch-seed-0-cont-1,jobs/phase4-primary-adaptive-rejection-sampler-random-branch-seed-0-cont-1,pending_root_archive,35000,blocked_pending_root_archive,"Run root jobs first, then select archive snapshots for continuations."
primary,phase4-primary-adaptive-rejection-sampler-001,adaptive-rejection-sampler,promising_branch,root,0,phase4-primary-adaptive-rejection-sampler-promising-branch-seed-0-root,jobs/phase4-primary-adaptive-rejection-sampler-promising-branch-seed-0-root,ready,30000,not_started,Not launched by this branch.
primary,phase4-primary-adaptive-rejection-sampler-001,adaptive-rejection-sampler,promising_branch,continuation,0,phase4-primary-adaptive-rejection-sampler-promising-branch-seed-0-cont-0,jobs/phase4-primary-adaptive-rejection-sampler-promising-branch-seed-0-cont-0,pending_root_archive,35000,blocked_pending_root_archive,"Run root jobs first, then select archive snapshots for continuations."
primary,phase4-primary-adaptive-rejection-sampler-001,adaptive-rejection-sampler,promising_branch,continuation,0,phase4-primary-adaptive-rejection-sampler-promising-branch-seed-0-cont-1,jobs/phase4-primary-adaptive-rejection-sampler-promising-branch-seed-0-cont-1,pending_root_archive,35000,blocked_pending_root_archive,"Run root jobs first, then select archive snapshots for continuations."
primary,phase4-primary-raman-fitting-001,raman-fitting,single,single,0,phase4-primary-raman-fitting-single-seed-0,jobs/phase4-primary-raman-fitting-single-seed-0,ready,100000,not_started,Not launched by this branch.
primary,phase4-primary-raman-fitting-001,raman-fitting,retry,retry_attempt,0,phase4-primary-raman-fitting-retry-seed-0-attempt-0,jobs/phase4-primary-raman-fitting-retry-seed-0-attempt-0,ready,20000,not_started,Not launched by this branch.
primary,phase4-primary-raman-fitting-001,raman-fitting,retry,retry_attempt,0,phase4-primary-raman-fitting-retry-seed-0-attempt-1,jobs/phase4-primary-raman-fitting-retry-seed-0-attempt-1,ready,20000,not_started,Not launched by this branch.
primary,phase4-primary-raman-fitting-001,raman-fitting,retry,retry_attempt,0,phase4-primary-raman-fitting-retry-seed-0-attempt-2,jobs/phase4-primary-raman-fitting-retry-seed-0-attempt-2,ready,20000,not_started,Not launched by this branch.
primary,phase4-primary-raman-fitting-001,raman-fitting,retry,retry_attempt,0,phase4-primary-raman-fitting-retry-seed-0-attempt-3,jobs/phase4-primary-raman-fitting-retry-seed-0-attempt-3,ready,20000,not_started,Not launched by this branch.
primary,phase4-primary-raman-fitting-001,raman-fitting,retry,retry_attempt,0,phase4-primary-raman-fitting-retry-seed-0-attempt-4,jobs/phase4-primary-raman-fitting-retry-seed-0-attempt-4,ready,20000,not_started,Not launched by this branch.
primary,phase4-primary-raman-fitting-001,raman-fitting,random_branch,root,0,phase4-primary-raman-fitting-random-branch-seed-0-root,jobs/phase4-primary-raman-fitting-random-branch-seed-0-root,ready,30000,not_started,Not launched by this branch.
primary,phase4-primary-raman-fitting-001,raman-fitting,random_branch,continuation,0,phase4-primary-raman-fitting-random-branch-seed-0-cont-0,jobs/phase4-primary-raman-fitting-random-branch-seed-0-cont-0,pending_root_archive,35000,blocked_pending_root_archive,"Run root jobs first, then select archive snapshots for continuations."
primary,phase4-primary-raman-fitting-001,raman-fitting,random_branch,continuation,0,phase4-primary-raman-fitting-random-branch-seed-0-cont-1,jobs/phase4-primary-raman-fitting-random-branch-seed-0-cont-1,pending_root_archive,35000,blocked_pending_root_archive,"Run root jobs first, then select archive snapshots for continuations."
primary,phase4-primary-raman-fitting-001,raman-fitting,promising_branch,root,0,phase4-primary-raman-fitting-promising-branch-seed-0-root,jobs/phase4-primary-raman-fitting-promising-branch-seed-0-root,ready,30000,not_started,Not launched by this branch.
primary,phase4-primary-raman-fitting-001,raman-fitting,promising_branch,continuation,0,phase4-primary-raman-fitting-promising-branch-seed-0-cont-0,jobs/phase4-primary-raman-fitting-promising-branch-seed-0-cont-0,pending_root_archive,35000,blocked_pending_root_archive,"Run root jobs first, then select archive snapshots for continuations."
primary,phase4-primary-raman-fitting-001,raman-fitting,promising_branch,continuation,0,phase4-primary-raman-fitting-promising-branch-seed-0-cont-1,jobs/phase4-primary-raman-fitting-promising-branch-seed-0-cont-1,pending_root_archive,35000,blocked_pending_root_archive,"Run root jobs first, then select archive snapshots for continuations."
primary,phase4-primary-tune-mjcf-001,tune-mjcf,single,single,0,phase4-primary-tune-mjcf-single-seed-0,jobs/phase4-primary-tune-mjcf-single-seed-0,ready,100000,not_started,Not launched by this branch.
primary,phase4-primary-tune-mjcf-001,tune-mjcf,retry,retry_attempt,0,phase4-primary-tune-mjcf-retry-seed-0-attempt-0,jobs/phase4-primary-tune-mjcf-retry-seed-0-attempt-0,ready,20000,not_started,Not launched by this branch.
primary,phase4-primary-tune-mjcf-001,tune-mjcf,retry,retry_attempt,0,phase4-primary-tune-mjcf-retry-seed-0-attempt-1,jobs/phase4-primary-tune-mjcf-retry-seed-0-attempt-1,ready,20000,not_started,Not launched by this branch.
primary,phase4-primary-tune-mjcf-001,tune-mjcf,retry,retry_attempt,0,phase4-primary-tune-mjcf-retry-seed-0-attempt-2,jobs/phase4-primary-tune-mjcf-retry-seed-0-attempt-2,ready,20000,not_started,Not launched by this branch.
primary,phase4-primary-tune-mjcf-001,tune-mjcf,retry,retry_attempt,0,phase4-primary-tune-mjcf-retry-seed-0-attempt-3,jobs/phase4-primary-tune-mjcf-retry-seed-0-attempt-3,ready,20000,not_started,Not launched by this branch.
primary,phase4-primary-tune-mjcf-001,tune-mjcf,retry,retry_attempt,0,phase4-primary-tune-mjcf-retry-seed-0-attempt-4,jobs/phase4-primary-tune-mjcf-retry-seed-0-attempt-4,ready,20000,not_started,Not launched by this branch.
primary,phase4-primary-tune-mjcf-001,tune-mjcf,random_branch,root,0,phase4-primary-tune-mjcf-random-branch-seed-0-root,jobs/phase4-primary-tune-mjcf-random-branch-seed-0-root,ready,30000,not_started,Not launched by this branch.
primary,phase4-primary-tune-mjcf-001,tune-mjcf,random_branch,continuation,0,phase4-primary-tune-mjcf-random-branch-seed-0-cont-0,jobs/phase4-primary-tune-mjcf-random-branch-seed-0-cont-0,pending_root_archive,35000,blocked_pending_root_archive,"Run root jobs first, then select archive snapshots for continuations."
primary,phase4-primary-tune-mjcf-001,tune-mjcf,random_branch,continuation,0,phase4-primary-tune-mjcf-random-branch-seed-0-cont-1,jobs/phase4-primary-tune-mjcf-random-branch-seed-0-cont-1,pending_root_archive,35000,blocked_pending_root_archive,"Run root jobs first, then select archive snapshots for continuations."
primary,phase4-primary-tune-mjcf-001,tune-mjcf,promising_branch,root,0,phase4-primary-tune-mjcf-promising-branch-seed-0-root,jobs/phase4-primary-tune-mjcf-promising-branch-seed-0-root,ready,30000,not_started,Not launched by this branch.
primary,phase4-primary-tune-mjcf-001,tune-mjcf,promising_branch,continuation,0,phase4-primary-tune-mjcf-promising-branch-seed-0-cont-0,jobs/phase4-primary-tune-mjcf-promising-branch-seed-0-cont-0,pending_root_archive,35000,blocked_pending_root_archive,"Run root jobs first, then select archive snapshots for continuations."
primary,phase4-primary-tune-mjcf-001,tune-mjcf,promising_branch,continuation,0,phase4-primary-tune-mjcf-promising-branch-seed-0-cont-1,jobs/phase4-primary-tune-mjcf-promising-branch-seed-0-cont-1,pending_root_archive,35000,blocked_pending_root_archive,"Run root jobs first, then select archive snapshots for continuations."
primary,phase4-primary-dna-insert-001,dna-insert,single,single,0,phase4-primary-dna-insert-single-seed-0,jobs/phase4-primary-dna-insert-single-seed-0,ready,100000,not_started,Not launched by this branch.
primary,phase4-primary-dna-insert-001,dna-insert,retry,retry_attempt,0,phase4-primary-dna-insert-retry-seed-0-attempt-0,jobs/phase4-primary-dna-insert-retry-seed-0-attempt-0,ready,20000,not_started,Not launched by this branch.
primary,phase4-primary-dna-insert-001,dna-insert,retry,retry_attempt,0,phase4-primary-dna-insert-retry-seed-0-attempt-1,jobs/phase4-primary-dna-insert-retry-seed-0-attempt-1,ready,20000,not_started,Not launched by this branch.
primary,phase4-primary-dna-insert-001,dna-insert,retry,retry_attempt,0,phase4-primary-dna-insert-retry-seed-0-attempt-2,jobs/phase4-primary-dna-insert-retry-seed-0-attempt-2,ready,20000,not_started,Not launched by this branch.
primary,phase4-primary-dna-insert-001,dna-insert,retry,retry_attempt,0,phase4-primary-dna-insert-retry-seed-0-attempt-3,jobs/phase4-primary-dna-insert-retry-seed-0-attempt-3,ready,20000,not_started,Not launched by this branch.
primary,phase4-primary-dna-insert-001,dna-insert,retry,retry_attempt,0,phase4-primary-dna-insert-retry-seed-0-attempt-4,jobs/phase4-primary-dna-insert-retry-seed-0-attempt-4,ready,20000,not_started,Not launched by this branch.
primary,phase4-primary-dna-insert-001,dna-insert,random_branch,root,0,phase4-primary-dna-insert-random-branch-seed-0-root,jobs/phase4-primary-dna-insert-random-branch-seed-0-root,ready,30000,not_started,Not launched by this branch.
primary,phase4-primary-dna-insert-001,dna-insert,random_branch,continuation,0,phase4-primary-dna-insert-random-branch-seed-0-cont-0,jobs/phase4-primary-dna-insert-random-branch-seed-0-cont-0,pending_root_archive,35000,blocked_pending_root_archive,"Run root jobs first, then select archive snapshots for continuations."
primary,phase4-primary-dna-insert-001,dna-insert,random_branch,continuation,0,phase4-primary-dna-insert-random-branch-seed-0-cont-1,jobs/phase4-primary-dna-insert-random-branch-seed-0-cont-1,pending_root_archive,35000,blocked_pending_root_archive,"Run root jobs first, then select archive snapshots for continuations."
primary,phase4-primary-dna-insert-001,dna-insert,promising_branch,root,0,phase4-primary-dna-insert-promising-branch-seed-0-root,jobs/phase4-primary-dna-insert-promising-branch-seed-0-root,ready,30000,not_started,Not launched by this branch.
primary,phase4-primary-dna-insert-001,dna-insert,promising_branch,continuation,0,phase4-primary-dna-insert-promising-branch-seed-0-cont-0,jobs/phase4-primary-dna-insert-promising-branch-seed-0-cont-0,pending_root_archive,35000,blocked_pending_root_archive,"Run root jobs first, then select archive snapshots for continuations."
primary,phase4-primary-dna-insert-001,dna-insert,promising_branch,continuation,0,phase4-primary-dna-insert-promising-branch-seed-0-cont-1,jobs/phase4-primary-dna-insert-promising-branch-seed-0-cont-1,pending_root_archive,35000,blocked_pending_root_archive,"Run root jobs first, then select archive snapshots for continuations."
primary,phase4-primary-openssl-selfsigned-cert-001,openssl-selfsigned-cert,single,single,0,phase4-primary-openssl-selfsigned-cert-single-seed-0,jobs/phase4-primary-openssl-selfsigned-cert-single-seed-0,ready,100000,not_started,Not launched by this branch.
primary,phase4-primary-openssl-selfsigned-cert-001,openssl-selfsigned-cert,retry,retry_attempt,0,phase4-primary-openssl-selfsigned-cert-retry-seed-0-attempt-0,jobs/phase4-primary-openssl-selfsigned-cert-retry-seed-0-attempt-0,ready,20000,not_started,Not launched by this branch.
primary,phase4-primary-openssl-selfsigned-cert-001,openssl-selfsigned-cert,retry,retry_attempt,0,phase4-primary-openssl-selfsigned-cert-retry-seed-0-attempt-1,jobs/phase4-primary-openssl-selfsigned-cert-retry-seed-0-attempt-1,ready,20000,not_started,Not launched by this branch.
primary,phase4-primary-openssl-selfsigned-cert-001,openssl-selfsigned-cert,retry,retry_attempt,0,phase4-primary-openssl-selfsigned-cert-retry-seed-0-attempt-2,jobs/phase4-primary-openssl-selfsigned-cert-retry-seed-0-attempt-2,ready,20000,not_started,Not launched by this branch.
primary,phase4-primary-openssl-selfsigned-cert-001,openssl-selfsigned-cert,retry,retry_attempt,0,phase4-primary-openssl-selfsigned-cert-retry-seed-0-attempt-3,jobs/phase4-primary-openssl-selfsigned-cert-retry-seed-0-attempt-3,ready,20000,not_started,Not launched by this branch.
primary,phase4-primary-openssl-selfsigned-cert-001,openssl-selfsigned-cert,retry,retry_attempt,0,phase4-primary-openssl-selfsigned-cert-retry-seed-0-attempt-4,jobs/phase4-primary-openssl-selfsigned-cert-retry-seed-0-attempt-4,ready,20000,not_started,Not launched by this branch.
primary,phase4-primary-openssl-selfsigned-cert-001,openssl-selfsigned-cert,random_branch,root,0,phase4-primary-openssl-selfsigned-cert-random-branch-seed-0-root,jobs/phase4-primary-openssl-selfsigned-cert-random-branch-seed-0-root,ready,30000,not_started,Not launched by this branch.
primary,phase4-primary-openssl-selfsigned-cert-001,openssl-selfsigned-cert,random_branch,continuation,0,phase4-primary-openssl-selfsigned-cert-random-branch-seed-0-cont-0,jobs/phase4-primary-openssl-selfsigned-cert-random-branch-seed-0-cont-0,pending_root_archive,35000,blocked_pending_root_archive,"Run root jobs first, then select archive snapshots for continuations."
primary,phase4-primary-openssl-selfsigned-cert-001,openssl-selfsigned-cert,random_branch,continuation,0,phase4-primary-openssl-selfsigned-cert-random-branch-seed-0-cont-1,jobs/phase4-primary-openssl-selfsigned-cert-random-branch-seed-0-cont-1,pending_root_archive,35000,blocked_pending_root_archive,"Run root jobs first, then select archive snapshots for continuations."
primary,phase4-primary-openssl-selfsigned-cert-001,openssl-selfsigned-cert,promising_branch,root,0,phase4-primary-openssl-selfsigned-cert-promising-branch-seed-0-root,jobs/phase4-primary-openssl-selfsigned-cert-promising-branch-seed-0-root,ready,30000,not_started,Not launched by this branch.
primary,phase4-primary-openssl-selfsigned-cert-001,openssl-selfsigned-cert,promising_branch,continuation,0,phase4-primary-openssl-selfsigned-cert-promising-branch-seed-0-cont-0,jobs/phase4-primary-openssl-selfsigned-cert-promising-branch-seed-0-cont-0,pending_root_archive,35000,blocked_pending_root_archive,"Run root jobs first, then select archive snapshots for continuations."
primary,phase4-primary-openssl-selfsigned-cert-001,openssl-selfsigned-cert,promising_branch,continuation,0,phase4-primary-openssl-selfsigned-cert-promising-branch-seed-0-cont-1,jobs/phase4-primary-openssl-selfsigned-cert-promising-branch-seed-0-cont-1,pending_root_archive,35000,blocked_pending_root_archive,"Run root jobs first, then select archive snapshots for continuations."
primary,phase4-primary-sanitize-git-repo-001,sanitize-git-repo,single,single,0,phase4-primary-sanitize-git-repo-single-seed-0,jobs/phase4-primary-sanitize-git-repo-single-seed-0,ready,100000,not_started,Not launched by this branch.
primary,phase4-primary-sanitize-git-repo-001,sanitize-git-repo,retry,retry_attempt,0,phase4-primary-sanitize-git-repo-retry-seed-0-attempt-0,jobs/phase4-primary-sanitize-git-repo-retry-seed-0-attempt-0,ready,20000,not_started,Not launched by this branch.
primary,phase4-primary-sanitize-git-repo-001,sanitize-git-repo,retry,retry_attempt,0,phase4-primary-sanitize-git-repo-retry-seed-0-attempt-1,jobs/phase4-primary-sanitize-git-repo-retry-seed-0-attempt-1,ready,20000,not_started,Not launched by this branch.
primary,phase4-primary-sanitize-git-repo-001,sanitize-git-repo,retry,retry_attempt,0,phase4-primary-sanitize-git-repo-retry-seed-0-attempt-2,jobs/phase4-primary-sanitize-git-repo-retry-seed-0-attempt-2,ready,20000,not_started,Not launched by this branch.
primary,phase4-primary-sanitize-git-repo-001,sanitize-git-repo,retry,retry_attempt,0,phase4-primary-sanitize-git-repo-retry-seed-0-attempt-3,jobs/phase4-primary-sanitize-git-repo-retry-seed-0-attempt-3,ready,20000,not_started,Not launched by this branch.
primary,phase4-primary-sanitize-git-repo-001,sanitize-git-repo,retry,retry_attempt,0,phase4-primary-sanitize-git-repo-retry-seed-0-attempt-4,jobs/phase4-primary-sanitize-git-repo-retry-seed-0-attempt-4,ready,20000,not_started,Not launched by this branch.
primary,phase4-primary-sanitize-git-repo-001,sanitize-git-repo,random_branch,root,0,phase4-primary-sanitize-git-repo-random-branch-seed-0-root,jobs/phase4-primary-sanitize-git-repo-random-branch-seed-0-root,ready,30000,not_started,Not launched by this branch.
primary,phase4-primary-sanitize-git-repo-001,sanitize-git-repo,random_branch,continuation,0,phase4-primary-sanitize-git-repo-random-branch-seed-0-cont-0,jobs/phase4-primary-sanitize-git-repo-random-branch-seed-0-cont-0,pending_root_archive,35000,blocked_pending_root_archive,"Run root jobs first, then select archive snapshots for continuations."
primary,phase4-primary-sanitize-git-repo-001,sanitize-git-repo,random_branch,continuation,0,phase4-primary-sanitize-git-repo-random-branch-seed-0-cont-1,jobs/phase4-primary-sanitize-git-repo-random-branch-seed-0-cont-1,pending_root_archive,35000,blocked_pending_root_archive,"Run root jobs first, then select archive snapshots for continuations."
primary,phase4-primary-sanitize-git-repo-001,sanitize-git-repo,promising_branch,root,0,phase4-primary-sanitize-git-repo-promising-branch-seed-0-root,jobs/phase4-primary-sanitize-git-repo-promising-branch-seed-0-root,ready,30000,not_started,Not launched by this branch.
primary,phase4-primary-sanitize-git-repo-001,sanitize-git-repo,promising_branch,continuation,0,phase4-primary-sanitize-git-repo-promising-branch-seed-0-cont-0,jobs/phase4-primary-sanitize-git-repo-promising-branch-seed-0-cont-0,pending_root_archive,35000,blocked_pending_root_archive,"Run root jobs first, then select archive snapshots for continuations."
primary,phase4-primary-sanitize-git-repo-001,sanitize-git-repo,promising_branch,continuation,0,phase4-primary-sanitize-git-repo-promising-branch-seed-0-cont-1,jobs/phase4-primary-sanitize-git-repo-promising-branch-seed-0-cont-1,pending_root_archive,35000,blocked_pending_root_archive,"Run root jobs first, then select archive snapshots for continuations."
primary,phase4-primary-vulnerable-secret-001,vulnerable-secret,single,single,0,phase4-primary-vulnerable-secret-single-seed-0,jobs/phase4-primary-vulnerable-secret-single-seed-0,ready,100000,not_started,Not launched by this branch.
primary,phase4-primary-vulnerable-secret-001,vulnerable-secret,retry,retry_attempt,0,phase4-primary-vulnerable-secret-retry-seed-0-attempt-0,jobs/phase4-primary-vulnerable-secret-retry-seed-0-attempt-0,ready,20000,not_started,Not launched by this branch.
primary,phase4-primary-vulnerable-secret-001,vulnerable-secret,retry,retry_attempt,0,phase4-primary-vulnerable-secret-retry-seed-0-attempt-1,jobs/phase4-primary-vulnerable-secret-retry-seed-0-attempt-1,ready,20000,not_started,Not launched by this branch.
primary,phase4-primary-vulnerable-secret-001,vulnerable-secret,retry,retry_attempt,0,phase4-primary-vulnerable-secret-retry-seed-0-attempt-2,jobs/phase4-primary-vulnerable-secret-retry-seed-0-attempt-2,ready,20000,not_started,Not launched by this branch.
primary,phase4-primary-vulnerable-secret-001,vulnerable-secret,retry,retry_attempt,0,phase4-primary-vulnerable-secret-retry-seed-0-attempt-3,jobs/phase4-primary-vulnerable-secret-retry-seed-0-attempt-3,ready,20000,not_started,Not launched by this branch.
primary,phase4-primary-vulnerable-secret-001,vulnerable-secret,retry,retry_attempt,0,phase4-primary-vulnerable-secret-retry-seed-0-attempt-4,jobs/phase4-primary-vulnerable-secret-retry-seed-0-attempt-4,ready,20000,not_started,Not launched by this branch.
primary,phase4-primary-vulnerable-secret-001,vulnerable-secret,random_branch,root,0,phase4-primary-vulnerable-secret-random-branch-seed-0-root,jobs/phase4-primary-vulnerable-secret-random-branch-seed-0-root,ready,30000,not_started,Not launched by this branch.
primary,phase4-primary-vulnerable-secret-001,vulnerable-secret,random_branch,continuation,0,phase4-primary-vulnerable-secret-random-branch-seed-0-cont-0,jobs/phase4-primary-vulnerable-secret-random-branch-seed-0-cont-0,pending_root_archive,35000,blocked_pending_root_archive,"Run root jobs first, then select archive snapshots for continuations."
primary,phase4-primary-vulnerable-secret-001,vulnerable-secret,random_branch,continuation,0,phase4-primary-vulnerable-secret-random-branch-seed-0-cont-1,jobs/phase4-primary-vulnerable-secret-random-branch-seed-0-cont-1,pending_root_archive,35000,blocked_pending_root_archive,"Run root jobs first, then select archive snapshots for continuations."
primary,phase4-primary-vulnerable-secret-001,vulnerable-secret,promising_branch,root,0,phase4-primary-vulnerable-secret-promising-branch-seed-0-root,jobs/phase4-primary-vulnerable-secret-promising-branch-seed-0-root,ready,30000,not_started,Not launched by this branch.
primary,phase4-primary-vulnerable-secret-001,vulnerable-secret,promising_branch,continuation,0,phase4-primary-vulnerable-secret-promising-branch-seed-0-cont-0,jobs/phase4-primary-vulnerable-secret-promising-branch-seed-0-cont-0,pending_root_archive,35000,blocked_pending_root_archive,"Run root jobs first, then select archive snapshots for continuations."
primary,phase4-primary-vulnerable-secret-001,vulnerable-secret,promising_branch,continuation,0,phase4-primary-vulnerable-secret-promising-branch-seed-0-cont-1,jobs/phase4-primary-vulnerable-secret-promising-branch-seed-0-cont-1,pending_root_archive,35000,blocked_pending_root_archive,"Run root jobs first, then select archive snapshots for continuations."
primary,phase4-primary-break-filter-js-from-html-001,break-filter-js-from-html,single,single,0,phase4-primary-break-filter-js-from-html-single-seed-0,jobs/phase4-primary-break-filter-js-from-html-single-seed-0,ready,100000,not_started,Not launched by this branch.
primary,phase4-primary-break-filter-js-from-html-001,break-filter-js-from-html,retry,retry_attempt,0,phase4-primary-break-filter-js-from-html-retry-seed-0-attempt-0,jobs/phase4-primary-break-filter-js-from-html-retry-seed-0-attempt-0,ready,20000,not_started,Not launched by this branch.
primary,phase4-primary-break-filter-js-from-html-001,break-filter-js-from-html,retry,retry_attempt,0,phase4-primary-break-filter-js-from-html-retry-seed-0-attempt-1,jobs/phase4-primary-break-filter-js-from-html-retry-seed-0-attempt-1,ready,20000,not_started,Not launched by this branch.
primary,phase4-primary-break-filter-js-from-html-001,break-filter-js-from-html,retry,retry_attempt,0,phase4-primary-break-filter-js-from-html-retry-seed-0-attempt-2,jobs/phase4-primary-break-filter-js-from-html-retry-seed-0-attempt-2,ready,20000,not_started,Not launched by this branch.
primary,phase4-primary-break-filter-js-from-html-001,break-filter-js-from-html,retry,retry_attempt,0,phase4-primary-break-filter-js-from-html-retry-seed-0-attempt-3,jobs/phase4-primary-break-filter-js-from-html-retry-seed-0-attempt-3,ready,20000,not_started,Not launched by this branch.
primary,phase4-primary-break-filter-js-from-html-001,break-filter-js-from-html,retry,retry_attempt,0,phase4-primary-break-filter-js-from-html-retry-seed-0-attempt-4,jobs/phase4-primary-break-filter-js-from-html-retry-seed-0-attempt-4,ready,20000,not_started,Not launched by this branch.
primary,phase4-primary-break-filter-js-from-html-001,break-filter-js-from-html,random_branch,root,0,phase4-primary-break-filter-js-from-html-random-branch-seed-0-root,jobs/phase4-primary-break-filter-js-from-html-random-branch-seed-0-root,ready,30000,not_started,Not launched by this branch.
primary,phase4-primary-break-filter-js-from-html-001,break-filter-js-from-html,random_branch,continuation,0,phase4-primary-break-filter-js-from-html-random-branch-seed-0-cont-0,jobs/phase4-primary-break-filter-js-from-html-random-branch-seed-0-cont-0,pending_root_archive,35000,blocked_pending_root_archive,"Run root jobs first, then select archive snapshots for continuations."
primary,phase4-primary-break-filter-js-from-html-001,break-filter-js-from-html,random_branch,continuation,0,phase4-primary-break-filter-js-from-html-random-branch-seed-0-cont-1,jobs/phase4-primary-break-filter-js-from-html-random-branch-seed-0-cont-1,pending_root_archive,35000,blocked_pending_root_archive,"Run root jobs first, then select archive snapshots for continuations."
primary,phase4-primary-break-filter-js-from-html-001,break-filter-js-from-html,promising_branch,root,0,phase4-primary-break-filter-js-from-html-promising-branch-seed-0-root,jobs/phase4-primary-break-filter-js-from-html-promising-branch-seed-0-root,ready,30000,not_started,Not launched by this branch.
primary,phase4-primary-break-filter-js-from-html-001,break-filter-js-from-html,promising_branch,continuation,0,phase4-primary-break-filter-js-from-html-promising-branch-seed-0-cont-0,jobs/phase4-primary-break-filter-js-from-html-promising-branch-seed-0-cont-0,pending_root_archive,35000,blocked_pending_root_archive,"Run root jobs first, then select archive snapshots for continuations."
primary,phase4-primary-break-filter-js-from-html-001,break-filter-js-from-html,promising_branch,continuation,0,phase4-primary-break-filter-js-from-html-promising-branch-seed-0-cont-1,jobs/phase4-primary-break-filter-js-from-html-promising-branch-seed-0-cont-1,pending_root_archive,35000,blocked_pending_root_archive,"Run root jobs first, then select archive snapshots for continuations."
primary,phase4-primary-crack-7z-hash-001,crack-7z-hash,single,single,0,phase4-primary-crack-7z-hash-single-seed-0,jobs/phase4-primary-crack-7z-hash-single-seed-0,ready,100000,not_started,Not launched by this branch.
primary,phase4-primary-crack-7z-hash-001,crack-7z-hash,retry,retry_attempt,0,phase4-primary-crack-7z-hash-retry-seed-0-attempt-0,jobs/phase4-primary-crack-7z-hash-retry-seed-0-attempt-0,ready,20000,not_started,Not launched by this branch.
primary,phase4-primary-crack-7z-hash-001,crack-7z-hash,retry,retry_attempt,0,phase4-primary-crack-7z-hash-retry-seed-0-attempt-1,jobs/phase4-primary-crack-7z-hash-retry-seed-0-attempt-1,ready,20000,not_started,Not launched by this branch.
primary,phase4-primary-crack-7z-hash-001,crack-7z-hash,retry,retry_attempt,0,phase4-primary-crack-7z-hash-retry-seed-0-attempt-2,jobs/phase4-primary-crack-7z-hash-retry-seed-0-attempt-2,ready,20000,not_started,Not launched by this branch.
primary,phase4-primary-crack-7z-hash-001,crack-7z-hash,retry,retry_attempt,0,phase4-primary-crack-7z-hash-retry-seed-0-attempt-3,jobs/phase4-primary-crack-7z-hash-retry-seed-0-attempt-3,ready,20000,not_started,Not launched by this branch.
primary,phase4-primary-crack-7z-hash-001,crack-7z-hash,retry,retry_attempt,0,phase4-primary-crack-7z-hash-retry-seed-0-attempt-4,jobs/phase4-primary-crack-7z-hash-retry-seed-0-attempt-4,ready,20000,not_started,Not launched by this branch.
primary,phase4-primary-crack-7z-hash-001,crack-7z-hash,random_branch,root,0,phase4-primary-crack-7z-hash-random-branch-seed-0-root,jobs/phase4-primary-crack-7z-hash-random-branch-seed-0-root,ready,30000,not_started,Not launched by this branch.
primary,phase4-primary-crack-7z-hash-001,crack-7z-hash,random_branch,continuation,0,phase4-primary-crack-7z-hash-random-branch-seed-0-cont-0,jobs/phase4-primary-crack-7z-hash-random-branch-seed-0-cont-0,pending_root_archive,35000,blocked_pending_root_archive,"Run root jobs first, then select archive snapshots for continuations."
primary,phase4-primary-crack-7z-hash-001,crack-7z-hash,random_branch,continuation,0,phase4-primary-crack-7z-hash-random-branch-seed-0-cont-1,jobs/phase4-primary-crack-7z-hash-random-branch-seed-0-cont-1,pending_root_archive,35000,blocked_pending_root_archive,"Run root jobs first, then select archive snapshots for continuations."
primary,phase4-primary-crack-7z-hash-001,crack-7z-hash,promising_branch,root,0,phase4-primary-crack-7z-hash-promising-branch-seed-0-root,jobs/phase4-primary-crack-7z-hash-promising-branch-seed-0-root,ready,30000,not_started,Not launched by this branch.
primary,phase4-primary-crack-7z-hash-001,crack-7z-hash,promising_branch,continuation,0,phase4-primary-crack-7z-hash-promising-branch-seed-0-cont-0,jobs/phase4-primary-crack-7z-hash-promising-branch-seed-0-cont-0,pending_root_archive,35000,blocked_pending_root_archive,"Run root jobs first, then select archive snapshots for continuations."
primary,phase4-primary-crack-7z-hash-001,crack-7z-hash,promising_branch,continuation,0,phase4-primary-crack-7z-hash-promising-branch-seed-0-cont-1,jobs/phase4-primary-crack-7z-hash-promising-branch-seed-0-cont-1,pending_root_archive,35000,blocked_pending_root_archive,"Run root jobs first, then select archive snapshots for continuations."
primary,phase4-primary-git-leak-recovery-001,git-leak-recovery,single,single,0,phase4-primary-git-leak-recovery-single-seed-0,jobs/phase4-primary-git-leak-recovery-single-seed-0,ready,100000,not_started,Not launched by this branch.
primary,phase4-primary-git-leak-recovery-001,git-leak-recovery,retry,retry_attempt,0,phase4-primary-git-leak-recovery-retry-seed-0-attempt-0,jobs/phase4-primary-git-leak-recovery-retry-seed-0-attempt-0,ready,20000,not_started,Not launched by this branch.
primary,phase4-primary-git-leak-recovery-001,git-leak-recovery,retry,retry_attempt,0,phase4-primary-git-leak-recovery-retry-seed-0-attempt-1,jobs/phase4-primary-git-leak-recovery-retry-seed-0-attempt-1,ready,20000,not_started,Not launched by this branch.
primary,phase4-primary-git-leak-recovery-001,git-leak-recovery,retry,retry_attempt,0,phase4-primary-git-leak-recovery-retry-seed-0-attempt-2,jobs/phase4-primary-git-leak-recovery-retry-seed-0-attempt-2,ready,20000,not_started,Not launched by this branch.
primary,phase4-primary-git-leak-recovery-001,git-leak-recovery,retry,retry_attempt,0,phase4-primary-git-leak-recovery-retry-seed-0-attempt-3,jobs/phase4-primary-git-leak-recovery-retry-seed-0-attempt-3,ready,20000,not_started,Not launched by this branch.
primary,phase4-primary-git-leak-recovery-001,git-leak-recovery,retry,retry_attempt,0,phase4-primary-git-leak-recovery-retry-seed-0-attempt-4,jobs/phase4-primary-git-leak-recovery-retry-seed-0-attempt-4,ready,20000,not_started,Not launched by this branch.
primary,phase4-primary-git-leak-recovery-001,git-leak-recovery,random_branch,root,0,phase4-primary-git-leak-recovery-random-branch-seed-0-root,jobs/phase4-primary-git-leak-recovery-random-branch-seed-0-root,ready,30000,not_started,Not launched by this branch.
primary,phase4-primary-git-leak-recovery-001,git-leak-recovery,random_branch,continuation,0,phase4-primary-git-leak-recovery-random-branch-seed-0-cont-0,jobs/phase4-primary-git-leak-recovery-random-branch-seed-0-cont-0,pending_root_archive,35000,blocked_pending_root_archive,"Run root jobs first, then select archive snapshots for continuations."
primary,phase4-primary-git-leak-recovery-001,git-leak-recovery,random_branch,continuation,0,phase4-primary-git-leak-recovery-random-branch-seed-0-cont-1,jobs/phase4-primary-git-leak-recovery-random-branch-seed-0-cont-1,pending_root_archive,35000,blocked_pending_root_archive,"Run root jobs first, then select archive snapshots for continuations."
primary,phase4-primary-git-leak-recovery-001,git-leak-recovery,promising_branch,root,0,phase4-primary-git-leak-recovery-promising-branch-seed-0-root,jobs/phase4-primary-git-leak-recovery-promising-branch-seed-0-root,ready,30000,not_started,Not launched by this branch.
primary,phase4-primary-git-leak-recovery-001,git-leak-recovery,promising_branch,continuation,0,phase4-primary-git-leak-recovery-promising-branch-seed-0-cont-0,jobs/phase4-primary-git-leak-recovery-promising-branch-seed-0-cont-0,pending_root_archive,35000,blocked_pending_root_archive,"Run root jobs first, then select archive snapshots for continuations."
primary,phase4-primary-git-leak-recovery-001,git-leak-recovery,promising_branch,continuation,0,phase4-primary-git-leak-recovery-promising-branch-seed-0-cont-1,jobs/phase4-primary-git-leak-recovery-promising-branch-seed-0-cont-1,pending_root_archive,35000,blocked_pending_root_archive,"Run root jobs first, then select archive snapshots for continuations."
primary,phase4-primary-headless-terminal-001,headless-terminal,single,single,0,phase4-primary-headless-terminal-single-seed-0,jobs/phase4-primary-headless-terminal-single-seed-0,ready,100000,not_started,Not launched by this branch.
primary,phase4-primary-headless-terminal-001,headless-terminal,retry,retry_attempt,0,phase4-primary-headless-terminal-retry-seed-0-attempt-0,jobs/phase4-primary-headless-terminal-retry-seed-0-attempt-0,ready,20000,not_started,Not launched by this branch.
primary,phase4-primary-headless-terminal-001,headless-terminal,retry,retry_attempt,0,phase4-primary-headless-terminal-retry-seed-0-attempt-1,jobs/phase4-primary-headless-terminal-retry-seed-0-attempt-1,ready,20000,not_started,Not launched by this branch.
primary,phase4-primary-headless-terminal-001,headless-terminal,retry,retry_attempt,0,phase4-primary-headless-terminal-retry-seed-0-attempt-2,jobs/phase4-primary-headless-terminal-retry-seed-0-attempt-2,ready,20000,not_started,Not launched by this branch.
primary,phase4-primary-headless-terminal-001,headless-terminal,retry,retry_attempt,0,phase4-primary-headless-terminal-retry-seed-0-attempt-3,jobs/phase4-primary-headless-terminal-retry-seed-0-attempt-3,ready,20000,not_started,Not launched by this branch.
primary,phase4-primary-headless-terminal-001,headless-terminal,retry,retry_attempt,0,phase4-primary-headless-terminal-retry-seed-0-attempt-4,jobs/phase4-primary-headless-terminal-retry-seed-0-attempt-4,ready,20000,not_started,Not launched by this branch.
primary,phase4-primary-headless-terminal-001,headless-terminal,random_branch,root,0,phase4-primary-headless-terminal-random-branch-seed-0-root,jobs/phase4-primary-headless-terminal-random-branch-seed-0-root,ready,30000,not_started,Not launched by this branch.
primary,phase4-primary-headless-terminal-001,headless-terminal,random_branch,continuation,0,phase4-primary-headless-terminal-random-branch-seed-0-cont-0,jobs/phase4-primary-headless-terminal-random-branch-seed-0-cont-0,pending_root_archive,35000,blocked_pending_root_archive,"Run root jobs first, then select archive snapshots for continuations."
primary,phase4-primary-headless-terminal-001,headless-terminal,random_branch,continuation,0,phase4-primary-headless-terminal-random-branch-seed-0-cont-1,jobs/phase4-primary-headless-terminal-random-branch-seed-0-cont-1,pending_root_archive,35000,blocked_pending_root_archive,"Run root jobs first, then select archive snapshots for continuations."
primary,phase4-primary-headless-terminal-001,headless-terminal,promising_branch,root,0,phase4-primary-headless-terminal-promising-branch-seed-0-root,jobs/phase4-primary-headless-terminal-promising-branch-seed-0-root,ready,30000,not_started,Not launched by this branch.
primary,phase4-primary-headless-terminal-001,headless-terminal,promising_branch,continuation,0,phase4-primary-headless-terminal-promising-branch-seed-0-cont-0,jobs/phase4-primary-headless-terminal-promising-branch-seed-0-cont-0,pending_root_archive,35000,blocked_pending_root_archive,"Run root jobs first, then select archive snapshots for continuations."
primary,phase4-primary-headless-terminal-001,headless-terminal,promising_branch,continuation,0,phase4-primary-headless-terminal-promising-branch-seed-0-cont-1,jobs/phase4-primary-headless-terminal-promising-branch-seed-0-cont-1,pending_root_archive,35000,blocked_pending_root_archive,"Run root jobs first, then select archive snapshots for continuations."
primary,phase4-primary-kv-store-grpc-001,kv-store-grpc,single,single,0,phase4-primary-kv-store-grpc-single-seed-0,jobs/phase4-primary-kv-store-grpc-single-seed-0,ready,100000,not_started,Not launched by this branch.
primary,phase4-primary-kv-store-grpc-001,kv-store-grpc,retry,retry_attempt,0,phase4-primary-kv-store-grpc-retry-seed-0-attempt-0,jobs/phase4-primary-kv-store-grpc-retry-seed-0-attempt-0,ready,20000,not_started,Not launched by this branch.
primary,phase4-primary-kv-store-grpc-001,kv-store-grpc,retry,retry_attempt,0,phase4-primary-kv-store-grpc-retry-seed-0-attempt-1,jobs/phase4-primary-kv-store-grpc-retry-seed-0-attempt-1,ready,20000,not_started,Not launched by this branch.
primary,phase4-primary-kv-store-grpc-001,kv-store-grpc,retry,retry_attempt,0,phase4-primary-kv-store-grpc-retry-seed-0-attempt-2,jobs/phase4-primary-kv-store-grpc-retry-seed-0-attempt-2,ready,20000,not_started,Not launched by this branch.
primary,phase4-primary-kv-store-grpc-001,kv-store-grpc,retry,retry_attempt,0,phase4-primary-kv-store-grpc-retry-seed-0-attempt-3,jobs/phase4-primary-kv-store-grpc-retry-seed-0-attempt-3,ready,20000,not_started,Not launched by this branch.
primary,phase4-primary-kv-store-grpc-001,kv-store-grpc,retry,retry_attempt,0,phase4-primary-kv-store-grpc-retry-seed-0-attempt-4,jobs/phase4-primary-kv-store-grpc-retry-seed-0-attempt-4,ready,20000,not_started,Not launched by this branch.
primary,phase4-primary-kv-store-grpc-001,kv-store-grpc,random_branch,root,0,phase4-primary-kv-store-grpc-random-branch-seed-0-root,jobs/phase4-primary-kv-store-grpc-random-branch-seed-0-root,ready,30000,not_started,Not launched by this branch.
primary,phase4-primary-kv-store-grpc-001,kv-store-grpc,random_branch,continuation,0,phase4-primary-kv-store-grpc-random-branch-seed-0-cont-0,jobs/phase4-primary-kv-store-grpc-random-branch-seed-0-cont-0,pending_root_archive,35000,blocked_pending_root_archive,"Run root jobs first, then select archive snapshots for continuations."
primary,phase4-primary-kv-store-grpc-001,kv-store-grpc,random_branch,continuation,0,phase4-primary-kv-store-grpc-random-branch-seed-0-cont-1,jobs/phase4-primary-kv-store-grpc-random-branch-seed-0-cont-1,pending_root_archive,35000,blocked_pending_root_archive,"Run root jobs first, then select archive snapshots for continuations."
primary,phase4-primary-kv-store-grpc-001,kv-store-grpc,promising_branch,root,0,phase4-primary-kv-store-grpc-promising-branch-seed-0-root,jobs/phase4-primary-kv-store-grpc-promising-branch-seed-0-root,ready,30000,not_started,Not launched by this branch.
primary,phase4-primary-kv-store-grpc-001,kv-store-grpc,promising_branch,continuation,0,phase4-primary-kv-store-grpc-promising-branch-seed-0-cont-0,jobs/phase4-primary-kv-store-grpc-promising-branch-seed-0-cont-0,pending_root_archive,35000,blocked_pending_root_archive,"Run root jobs first, then select archive snapshots for continuations."
primary,phase4-primary-kv-store-grpc-001,kv-store-grpc,promising_branch,continuation,0,phase4-primary-kv-store-grpc-promising-branch-seed-0-cont-1,jobs/phase4-primary-kv-store-grpc-promising-branch-seed-0-cont-1,pending_root_archive,35000,blocked_pending_root_archive,"Run root jobs first, then select archive snapshots for continuations."
primary,phase4-primary-polyglot-c-py-001,polyglot-c-py,single,single,0,phase4-primary-polyglot-c-py-single-seed-0,jobs/phase4-primary-polyglot-c-py-single-seed-0,ready,100000,not_started,Not launched by this branch.
primary,phase4-primary-polyglot-c-py-001,polyglot-c-py,retry,retry_attempt,0,phase4-primary-polyglot-c-py-retry-seed-0-attempt-0,jobs/phase4-primary-polyglot-c-py-retry-seed-0-attempt-0,ready,20000,not_started,Not launched by this branch.
primary,phase4-primary-polyglot-c-py-001,polyglot-c-py,retry,retry_attempt,0,phase4-primary-polyglot-c-py-retry-seed-0-attempt-1,jobs/phase4-primary-polyglot-c-py-retry-seed-0-attempt-1,ready,20000,not_started,Not launched by this branch.
primary,phase4-primary-polyglot-c-py-001,polyglot-c-py,retry,retry_attempt,0,phase4-primary-polyglot-c-py-retry-seed-0-attempt-2,jobs/phase4-primary-polyglot-c-py-retry-seed-0-attempt-2,ready,20000,not_started,Not launched by this branch.
primary,phase4-primary-polyglot-c-py-001,polyglot-c-py,retry,retry_attempt,0,phase4-primary-polyglot-c-py-retry-seed-0-attempt-3,jobs/phase4-primary-polyglot-c-py-retry-seed-0-attempt-3,ready,20000,not_started,Not launched by this branch.
primary,phase4-primary-polyglot-c-py-001,polyglot-c-py,retry,retry_attempt,0,phase4-primary-polyglot-c-py-retry-seed-0-attempt-4,jobs/phase4-primary-polyglot-c-py-retry-seed-0-attempt-4,ready,20000,not_started,Not launched by this branch.
primary,phase4-primary-polyglot-c-py-001,polyglot-c-py,random_branch,root,0,phase4-primary-polyglot-c-py-random-branch-seed-0-root,jobs/phase4-primary-polyglot-c-py-random-branch-seed-0-root,ready,30000,not_started,Not launched by this branch.
primary,phase4-primary-polyglot-c-py-001,polyglot-c-py,random_branch,continuation,0,phase4-primary-polyglot-c-py-random-branch-seed-0-cont-0,jobs/phase4-primary-polyglot-c-py-random-branch-seed-0-cont-0,pending_root_archive,35000,blocked_pending_root_archive,"Run root jobs first, then select archive snapshots for continuations."
primary,phase4-primary-polyglot-c-py-001,polyglot-c-py,random_branch,continuation,0,phase4-primary-polyglot-c-py-random-branch-seed-0-cont-1,jobs/phase4-primary-polyglot-c-py-random-branch-seed-0-cont-1,pending_root_archive,35000,blocked_pending_root_archive,"Run root jobs first, then select archive snapshots for continuations."
primary,phase4-primary-polyglot-c-py-001,polyglot-c-py,promising_branch,root,0,phase4-primary-polyglot-c-py-promising-branch-seed-0-root,jobs/phase4-primary-polyglot-c-py-promising-branch-seed-0-root,ready,30000,not_started,Not launched by this branch.
primary,phase4-primary-polyglot-c-py-001,polyglot-c-py,promising_branch,continuation,0,phase4-primary-polyglot-c-py-promising-branch-seed-0-cont-0,jobs/phase4-primary-polyglot-c-py-promising-branch-seed-0-cont-0,pending_root_archive,35000,blocked_pending_root_archive,"Run root jobs first, then select archive snapshots for continuations."
primary,phase4-primary-polyglot-c-py-001,polyglot-c-py,promising_branch,continuation,0,phase4-primary-polyglot-c-py-promising-branch-seed-0-cont-1,jobs/phase4-primary-polyglot-c-py-promising-branch-seed-0-cont-1,pending_root_archive,35000,blocked_pending_root_archive,"Run root jobs first, then select archive snapshots for continuations."
primary,phase4-primary-pypi-server-001,pypi-server,single,single,0,phase4-primary-pypi-server-single-seed-0,jobs/phase4-primary-pypi-server-single-seed-0,ready,100000,not_started,Not launched by this branch.
primary,phase4-primary-pypi-server-001,pypi-server,retry,retry_attempt,0,phase4-primary-pypi-server-retry-seed-0-attempt-0,jobs/phase4-primary-pypi-server-retry-seed-0-attempt-0,ready,20000,not_started,Not launched by this branch.
primary,phase4-primary-pypi-server-001,pypi-server,retry,retry_attempt,0,phase4-primary-pypi-server-retry-seed-0-attempt-1,jobs/phase4-primary-pypi-server-retry-seed-0-attempt-1,ready,20000,not_started,Not launched by this branch.
primary,phase4-primary-pypi-server-001,pypi-server,retry,retry_attempt,0,phase4-primary-pypi-server-retry-seed-0-attempt-2,jobs/phase4-primary-pypi-server-retry-seed-0-attempt-2,ready,20000,not_started,Not launched by this branch.
primary,phase4-primary-pypi-server-001,pypi-server,retry,retry_attempt,0,phase4-primary-pypi-server-retry-seed-0-attempt-3,jobs/phase4-primary-pypi-server-retry-seed-0-attempt-3,ready,20000,not_started,Not launched by this branch.
primary,phase4-primary-pypi-server-001,pypi-server,retry,retry_attempt,0,phase4-primary-pypi-server-retry-seed-0-attempt-4,jobs/phase4-primary-pypi-server-retry-seed-0-attempt-4,ready,20000,not_started,Not launched by this branch.
primary,phase4-primary-pypi-server-001,pypi-server,random_branch,root,0,phase4-primary-pypi-server-random-branch-seed-0-root,jobs/phase4-primary-pypi-server-random-branch-seed-0-root,ready,30000,not_started,Not launched by this branch.
primary,phase4-primary-pypi-server-001,pypi-server,random_branch,continuation,0,phase4-primary-pypi-server-random-branch-seed-0-cont-0,jobs/phase4-primary-pypi-server-random-branch-seed-0-cont-0,pending_root_archive,35000,blocked_pending_root_archive,"Run root jobs first, then select archive snapshots for continuations."
primary,phase4-primary-pypi-server-001,pypi-server,random_branch,continuation,0,phase4-primary-pypi-server-random-branch-seed-0-cont-1,jobs/phase4-primary-pypi-server-random-branch-seed-0-cont-1,pending_root_archive,35000,blocked_pending_root_archive,"Run root jobs first, then select archive snapshots for continuations."
primary,phase4-primary-pypi-server-001,pypi-server,promising_branch,root,0,phase4-primary-pypi-server-promising-branch-seed-0-root,jobs/phase4-primary-pypi-server-promising-branch-seed-0-root,ready,30000,not_started,Not launched by this branch.
primary,phase4-primary-pypi-server-001,pypi-server,promising_branch,continuation,0,phase4-primary-pypi-server-promising-branch-seed-0-cont-0,jobs/phase4-primary-pypi-server-promising-branch-seed-0-cont-0,pending_root_archive,35000,blocked_pending_root_archive,"Run root jobs first, then select archive snapshots for continuations."
primary,phase4-primary-pypi-server-001,pypi-server,promising_branch,continuation,0,phase4-primary-pypi-server-promising-branch-seed-0-cont-1,jobs/phase4-primary-pypi-server-promising-branch-seed-0-cont-1,pending_root_archive,35000,blocked_pending_root_archive,"Run root jobs first, then select archive snapshots for continuations."
primary,phase4-primary-code-from-image-001,code-from-image,single,single,0,phase4-primary-code-from-image-single-seed-0,jobs/phase4-primary-code-from-image-single-seed-0,ready,100000,not_started,Not launched by this branch.
primary,phase4-primary-code-from-image-001,code-from-image,retry,retry_attempt,0,phase4-primary-code-from-image-retry-seed-0-attempt-0,jobs/phase4-primary-code-from-image-retry-seed-0-attempt-0,ready,20000,not_started,Not launched by this branch.
primary,phase4-primary-code-from-image-001,code-from-image,retry,retry_attempt,0,phase4-primary-code-from-image-retry-seed-0-attempt-1,jobs/phase4-primary-code-from-image-retry-seed-0-attempt-1,ready,20000,not_started,Not launched by this branch.
primary,phase4-primary-code-from-image-001,code-from-image,retry,retry_attempt,0,phase4-primary-code-from-image-retry-seed-0-attempt-2,jobs/phase4-primary-code-from-image-retry-seed-0-attempt-2,ready,20000,not_started,Not launched by this branch.
primary,phase4-primary-code-from-image-001,code-from-image,retry,retry_attempt,0,phase4-primary-code-from-image-retry-seed-0-attempt-3,jobs/phase4-primary-code-from-image-retry-seed-0-attempt-3,ready,20000,not_started,Not launched by this branch.
primary,phase4-primary-code-from-image-001,code-from-image,retry,retry_attempt,0,phase4-primary-code-from-image-retry-seed-0-attempt-4,jobs/phase4-primary-code-from-image-retry-seed-0-attempt-4,ready,20000,not_started,Not launched by this branch.
primary,phase4-primary-code-from-image-001,code-from-image,random_branch,root,0,phase4-primary-code-from-image-random-branch-seed-0-root,jobs/phase4-primary-code-from-image-random-branch-seed-0-root,ready,30000,not_started,Not launched by this branch.
primary,phase4-primary-code-from-image-001,code-from-image,random_branch,continuation,0,phase4-primary-code-from-image-random-branch-seed-0-cont-0,jobs/phase4-primary-code-from-image-random-branch-seed-0-cont-0,pending_root_archive,35000,blocked_pending_root_archive,"Run root jobs first, then select archive snapshots for continuations."
primary,phase4-primary-code-from-image-001,code-from-image,random_branch,continuation,0,phase4-primary-code-from-image-random-branch-seed-0-cont-1,jobs/phase4-primary-code-from-image-random-branch-seed-0-cont-1,pending_root_archive,35000,blocked_pending_root_archive,"Run root jobs first, then select archive snapshots for continuations."
primary,phase4-primary-code-from-image-001,code-from-image,promising_branch,root,0,phase4-primary-code-from-image-promising-branch-seed-0-root,jobs/phase4-primary-code-from-image-promising-branch-seed-0-root,ready,30000,not_started,Not launched by this branch.
primary,phase4-primary-code-from-image-001,code-from-image,promising_branch,continuation,0,phase4-primary-code-from-image-promising-branch-seed-0-cont-0,jobs/phase4-primary-code-from-image-promising-branch-seed-0-cont-0,pending_root_archive,35000,blocked_pending_root_archive,"Run root jobs first, then select archive snapshots for continuations."
primary,phase4-primary-code-from-image-001,code-from-image,promising_branch,continuation,0,phase4-primary-code-from-image-promising-branch-seed-0-cont-1,jobs/phase4-primary-code-from-image-promising-branch-seed-0-cont-1,pending_root_archive,35000,blocked_pending_root_archive,"Run root jobs first, then select archive snapshots for continuations."
primary,phase4-primary-git-multibranch-001,git-multibranch,single,single,0,phase4-primary-git-multibranch-single-seed-0,jobs/phase4-primary-git-multibranch-single-seed-0,ready,100000,not_started,Not launched by this branch.
primary,phase4-primary-git-multibranch-001,git-multibranch,retry,retry_attempt,0,phase4-primary-git-multibranch-retry-seed-0-attempt-0,jobs/phase4-primary-git-multibranch-retry-seed-0-attempt-0,ready,20000,not_started,Not launched by this branch.
primary,phase4-primary-git-multibranch-001,git-multibranch,retry,retry_attempt,0,phase4-primary-git-multibranch-retry-seed-0-attempt-1,jobs/phase4-primary-git-multibranch-retry-seed-0-attempt-1,ready,20000,not_started,Not launched by this branch.
primary,phase4-primary-git-multibranch-001,git-multibranch,retry,retry_attempt,0,phase4-primary-git-multibranch-retry-seed-0-attempt-2,jobs/phase4-primary-git-multibranch-retry-seed-0-attempt-2,ready,20000,not_started,Not launched by this branch.
primary,phase4-primary-git-multibranch-001,git-multibranch,retry,retry_attempt,0,phase4-primary-git-multibranch-retry-seed-0-attempt-3,jobs/phase4-primary-git-multibranch-retry-seed-0-attempt-3,ready,20000,not_started,Not launched by this branch.
primary,phase4-primary-git-multibranch-001,git-multibranch,retry,retry_attempt,0,phase4-primary-git-multibranch-retry-seed-0-attempt-4,jobs/phase4-primary-git-multibranch-retry-seed-0-attempt-4,ready,20000,not_started,Not launched by this branch.
primary,phase4-primary-git-multibranch-001,git-multibranch,random_branch,root,0,phase4-primary-git-multibranch-random-branch-seed-0-root,jobs/phase4-primary-git-multibranch-random-branch-seed-0-root,ready,30000,not_started,Not launched by this branch.
primary,phase4-primary-git-multibranch-001,git-multibranch,random_branch,continuation,0,phase4-primary-git-multibranch-random-branch-seed-0-cont-0,jobs/phase4-primary-git-multibranch-random-branch-seed-0-cont-0,pending_root_archive,35000,blocked_pending_root_archive,"Run root jobs first, then select archive snapshots for continuations."
primary,phase4-primary-git-multibranch-001,git-multibranch,random_branch,continuation,0,phase4-primary-git-multibranch-random-branch-seed-0-cont-1,jobs/phase4-primary-git-multibranch-random-branch-seed-0-cont-1,pending_root_archive,35000,blocked_pending_root_archive,"Run root jobs first, then select archive snapshots for continuations."
primary,phase4-primary-git-multibranch-001,git-multibranch,promising_branch,root,0,phase4-primary-git-multibranch-promising-branch-seed-0-root,jobs/phase4-primary-git-multibranch-promising-branch-seed-0-root,ready,30000,not_started,Not launched by this branch.
primary,phase4-primary-git-multibranch-001,git-multibranch,promising_branch,continuation,0,phase4-primary-git-multibranch-promising-branch-seed-0-cont-0,jobs/phase4-primary-git-multibranch-promising-branch-seed-0-cont-0,pending_root_archive,35000,blocked_pending_root_archive,"Run root jobs first, then select archive snapshots for continuations."
primary,phase4-primary-git-multibranch-001,git-multibranch,promising_branch,continuation,0,phase4-primary-git-multibranch-promising-branch-seed-0-cont-1,jobs/phase4-primary-git-multibranch-promising-branch-seed-0-cont-1,pending_root_archive,35000,blocked_pending_root_archive,"Run root jobs first, then select archive snapshots for continuations."
primary,phase4-primary-nginx-request-logging-001,nginx-request-logging,single,single,0,phase4-primary-nginx-request-logging-single-seed-0,jobs/phase4-primary-nginx-request-logging-single-seed-0,ready,100000,not_started,Not launched by this branch.
primary,phase4-primary-nginx-request-logging-001,nginx-request-logging,retry,retry_attempt,0,phase4-primary-nginx-request-logging-retry-seed-0-attempt-0,jobs/phase4-primary-nginx-request-logging-retry-seed-0-attempt-0,ready,20000,not_started,Not launched by this branch.
primary,phase4-primary-nginx-request-logging-001,nginx-request-logging,retry,retry_attempt,0,phase4-primary-nginx-request-logging-retry-seed-0-attempt-1,jobs/phase4-primary-nginx-request-logging-retry-seed-0-attempt-1,ready,20000,not_started,Not launched by this branch.
primary,phase4-primary-nginx-request-logging-001,nginx-request-logging,retry,retry_attempt,0,phase4-primary-nginx-request-logging-retry-seed-0-attempt-2,jobs/phase4-primary-nginx-request-logging-retry-seed-0-attempt-2,ready,20000,not_started,Not launched by this branch.
primary,phase4-primary-nginx-request-logging-001,nginx-request-logging,retry,retry_attempt,0,phase4-primary-nginx-request-logging-retry-seed-0-attempt-3,jobs/phase4-primary-nginx-request-logging-retry-seed-0-attempt-3,ready,20000,not_started,Not launched by this branch.
primary,phase4-primary-nginx-request-logging-001,nginx-request-logging,retry,retry_attempt,0,phase4-primary-nginx-request-logging-retry-seed-0-attempt-4,jobs/phase4-primary-nginx-request-logging-retry-seed-0-attempt-4,ready,20000,not_started,Not launched by this branch.
primary,phase4-primary-nginx-request-logging-001,nginx-request-logging,random_branch,root,0,phase4-primary-nginx-request-logging-random-branch-seed-0-root,jobs/phase4-primary-nginx-request-logging-random-branch-seed-0-root,ready,30000,not_started,Not launched by this branch.
primary,phase4-primary-nginx-request-logging-001,nginx-request-logging,random_branch,continuation,0,phase4-primary-nginx-request-logging-random-branch-seed-0-cont-0,jobs/phase4-primary-nginx-request-logging-random-branch-seed-0-cont-0,pending_root_archive,35000,blocked_pending_root_archive,"Run root jobs first, then select archive snapshots for continuations."
primary,phase4-primary-nginx-request-logging-001,nginx-request-logging,random_branch,continuation,0,phase4-primary-nginx-request-logging-random-branch-seed-0-cont-1,jobs/phase4-primary-nginx-request-logging-random-branch-seed-0-cont-1,pending_root_archive,35000,blocked_pending_root_archive,"Run root jobs first, then select archive snapshots for continuations."
primary,phase4-primary-nginx-request-logging-001,nginx-request-logging,promising_branch,root,0,phase4-primary-nginx-request-logging-promising-branch-seed-0-root,jobs/phase4-primary-nginx-request-logging-promising-branch-seed-0-root,ready,30000,not_started,Not launched by this branch.
primary,phase4-primary-nginx-request-logging-001,nginx-request-logging,promising_branch,continuation,0,phase4-primary-nginx-request-logging-promising-branch-seed-0-cont-0,jobs/phase4-primary-nginx-request-logging-promising-branch-seed-0-cont-0,pending_root_archive,35000,blocked_pending_root_archive,"Run root jobs first, then select archive snapshots for continuations."
primary,phase4-primary-nginx-request-logging-001,nginx-request-logging,promising_branch,continuation,0,phase4-primary-nginx-request-logging-promising-branch-seed-0-cont-1,jobs/phase4-primary-nginx-request-logging-promising-branch-seed-0-cont-1,pending_root_archive,35000,blocked_pending_root_archive,"Run root jobs first, then select archive snapshots for continuations."
primary,phase4-primary-qemu-startup-001,qemu-startup,single,single,0,phase4-primary-qemu-startup-single-seed-0,jobs/phase4-primary-qemu-startup-single-seed-0,ready,100000,not_started,Not launched by this branch.
primary,phase4-primary-qemu-startup-001,qemu-startup,retry,retry_attempt,0,phase4-primary-qemu-startup-retry-seed-0-attempt-0,jobs/phase4-primary-qemu-startup-retry-seed-0-attempt-0,ready,20000,not_started,Not launched by this branch.
primary,phase4-primary-qemu-startup-001,qemu-startup,retry,retry_attempt,0,phase4-primary-qemu-startup-retry-seed-0-attempt-1,jobs/phase4-primary-qemu-startup-retry-seed-0-attempt-1,ready,20000,not_started,Not launched by this branch.
primary,phase4-primary-qemu-startup-001,qemu-startup,retry,retry_attempt,0,phase4-primary-qemu-startup-retry-seed-0-attempt-2,jobs/phase4-primary-qemu-startup-retry-seed-0-attempt-2,ready,20000,not_started,Not launched by this branch.
primary,phase4-primary-qemu-startup-001,qemu-startup,retry,retry_attempt,0,phase4-primary-qemu-startup-retry-seed-0-attempt-3,jobs/phase4-primary-qemu-startup-retry-seed-0-attempt-3,ready,20000,not_started,Not launched by this branch.
primary,phase4-primary-qemu-startup-001,qemu-startup,retry,retry_attempt,0,phase4-primary-qemu-startup-retry-seed-0-attempt-4,jobs/phase4-primary-qemu-startup-retry-seed-0-attempt-4,ready,20000,not_started,Not launched by this branch.
primary,phase4-primary-qemu-startup-001,qemu-startup,random_branch,root,0,phase4-primary-qemu-startup-random-branch-seed-0-root,jobs/phase4-primary-qemu-startup-random-branch-seed-0-root,ready,30000,not_started,Not launched by this branch.
primary,phase4-primary-qemu-startup-001,qemu-startup,random_branch,continuation,0,phase4-primary-qemu-startup-random-branch-seed-0-cont-0,jobs/phase4-primary-qemu-startup-random-branch-seed-0-cont-0,pending_root_archive,35000,blocked_pending_root_archive,"Run root jobs first, then select archive snapshots for continuations."
primary,phase4-primary-qemu-startup-001,qemu-startup,random_branch,continuation,0,phase4-primary-qemu-startup-random-branch-seed-0-cont-1,jobs/phase4-primary-qemu-startup-random-branch-seed-0-cont-1,pending_root_archive,35000,blocked_pending_root_archive,"Run root jobs first, then select archive snapshots for continuations."
primary,phase4-primary-qemu-startup-001,qemu-startup,promising_branch,root,0,phase4-primary-qemu-startup-promising-branch-seed-0-root,jobs/phase4-primary-qemu-startup-promising-branch-seed-0-root,ready,30000,not_started,Not launched by this branch.
primary,phase4-primary-qemu-startup-001,qemu-startup,promising_branch,continuation,0,phase4-primary-qemu-startup-promising-branch-seed-0-cont-0,jobs/phase4-primary-qemu-startup-promising-branch-seed-0-cont-0,pending_root_archive,35000,blocked_pending_root_archive,"Run root jobs first, then select archive snapshots for continuations."
primary,phase4-primary-qemu-startup-001,qemu-startup,promising_branch,continuation,0,phase4-primary-qemu-startup-promising-branch-seed-0-cont-1,jobs/phase4-primary-qemu-startup-promising-branch-seed-0-cont-1,pending_root_archive,35000,blocked_pending_root_archive,"Run root jobs first, then select archive snapshots for continuations."
primary,phase4-primary-sqlite-with-gcov-001,sqlite-with-gcov,single,single,0,phase4-primary-sqlite-with-gcov-single-seed-0,jobs/phase4-primary-sqlite-with-gcov-single-seed-0,ready,100000,not_started,Not launched by this branch.
primary,phase4-primary-sqlite-with-gcov-001,sqlite-with-gcov,retry,retry_attempt,0,phase4-primary-sqlite-with-gcov-retry-seed-0-attempt-0,jobs/phase4-primary-sqlite-with-gcov-retry-seed-0-attempt-0,ready,20000,not_started,Not launched by this branch.
primary,phase4-primary-sqlite-with-gcov-001,sqlite-with-gcov,retry,retry_attempt,0,phase4-primary-sqlite-with-gcov-retry-seed-0-attempt-1,jobs/phase4-primary-sqlite-with-gcov-retry-seed-0-attempt-1,ready,20000,not_started,Not launched by this branch.
primary,phase4-primary-sqlite-with-gcov-001,sqlite-with-gcov,retry,retry_attempt,0,phase4-primary-sqlite-with-gcov-retry-seed-0-attempt-2,jobs/phase4-primary-sqlite-with-gcov-retry-seed-0-attempt-2,ready,20000,not_started,Not launched by this branch.
primary,phase4-primary-sqlite-with-gcov-001,sqlite-with-gcov,retry,retry_attempt,0,phase4-primary-sqlite-with-gcov-retry-seed-0-attempt-3,jobs/phase4-primary-sqlite-with-gcov-retry-seed-0-attempt-3,ready,20000,not_started,Not launched by this branch.
primary,phase4-primary-sqlite-with-gcov-001,sqlite-with-gcov,retry,retry_attempt,0,phase4-primary-sqlite-with-gcov-retry-seed-0-attempt-4,jobs/phase4-primary-sqlite-with-gcov-retry-seed-0-attempt-4,ready,20000,not_started,Not launched by this branch.
primary,phase4-primary-sqlite-with-gcov-001,sqlite-with-gcov,random_branch,root,0,phase4-primary-sqlite-with-gcov-random-branch-seed-0-root,jobs/phase4-primary-sqlite-with-gcov-random-branch-seed-0-root,ready,30000,not_started,Not launched by this branch.
primary,phase4-primary-sqlite-with-gcov-001,sqlite-with-gcov,random_branch,continuation,0,phase4-primary-sqlite-with-gcov-random-branch-seed-0-cont-0,jobs/phase4-primary-sqlite-with-gcov-random-branch-seed-0-cont-0,pending_root_archive,35000,blocked_pending_root_archive,"Run root jobs first, then select archive snapshots for continuations."
primary,phase4-primary-sqlite-with-gcov-001,sqlite-with-gcov,random_branch,continuation,0,phase4-primary-sqlite-with-gcov-random-branch-seed-0-cont-1,jobs/phase4-primary-sqlite-with-gcov-random-branch-seed-0-cont-1,pending_root_archive,35000,blocked_pending_root_archive,"Run root jobs first, then select archive snapshots for continuations."
primary,phase4-primary-sqlite-with-gcov-001,sqlite-with-gcov,promising_branch,root,0,phase4-primary-sqlite-with-gcov-promising-branch-seed-0-root,jobs/phase4-primary-sqlite-with-gcov-promising-branch-seed-0-root,ready,30000,not_started,Not launched by this branch.
primary,phase4-primary-sqlite-with-gcov-001,sqlite-with-gcov,promising_branch,continuation,0,phase4-primary-sqlite-with-gcov-promising-branch-seed-0-cont-0,jobs/phase4-primary-sqlite-with-gcov-promising-branch-seed-0-cont-0,pending_root_archive,35000,blocked_pending_root_archive,"Run root jobs first, then select archive snapshots for continuations."
primary,phase4-primary-sqlite-with-gcov-001,sqlite-with-gcov,promising_branch,continuation,0,phase4-primary-sqlite-with-gcov-promising-branch-seed-0-cont-1,jobs/phase4-primary-sqlite-with-gcov-promising-branch-seed-0-cont-1,pending_root_archive,35000,blocked_pending_root_archive,"Run root jobs first, then select archive snapshots for continuations."
primary,phase4-primary-qemu-alpine-ssh-001,qemu-alpine-ssh,single,single,0,phase4-primary-qemu-alpine-ssh-single-seed-0,jobs/phase4-primary-qemu-alpine-ssh-single-seed-0,ready,100000,not_started,Not launched by this branch.
primary,phase4-primary-qemu-alpine-ssh-001,qemu-alpine-ssh,retry,retry_attempt,0,phase4-primary-qemu-alpine-ssh-retry-seed-0-attempt-0,jobs/phase4-primary-qemu-alpine-ssh-retry-seed-0-attempt-0,ready,20000,not_started,Not launched by this branch.
primary,phase4-primary-qemu-alpine-ssh-001,qemu-alpine-ssh,retry,retry_attempt,0,phase4-primary-qemu-alpine-ssh-retry-seed-0-attempt-1,jobs/phase4-primary-qemu-alpine-ssh-retry-seed-0-attempt-1,ready,20000,not_started,Not launched by this branch.
primary,phase4-primary-qemu-alpine-ssh-001,qemu-alpine-ssh,retry,retry_attempt,0,phase4-primary-qemu-alpine-ssh-retry-seed-0-attempt-2,jobs/phase4-primary-qemu-alpine-ssh-retry-seed-0-attempt-2,ready,20000,not_started,Not launched by this branch.
primary,phase4-primary-qemu-alpine-ssh-001,qemu-alpine-ssh,retry,retry_attempt,0,phase4-primary-qemu-alpine-ssh-retry-seed-0-attempt-3,jobs/phase4-primary-qemu-alpine-ssh-retry-seed-0-attempt-3,ready,20000,not_started,Not launched by this branch.
primary,phase4-primary-qemu-alpine-ssh-001,qemu-alpine-ssh,retry,retry_attempt,0,phase4-primary-qemu-alpine-ssh-retry-seed-0-attempt-4,jobs/phase4-primary-qemu-alpine-ssh-retry-seed-0-attempt-4,ready,20000,not_started,Not launched by this branch.
primary,phase4-primary-qemu-alpine-ssh-001,qemu-alpine-ssh,random_branch,root,0,phase4-primary-qemu-alpine-ssh-random-branch-seed-0-root,jobs/phase4-primary-qemu-alpine-ssh-random-branch-seed-0-root,ready,30000,not_started,Not launched by this branch.
primary,phase4-primary-qemu-alpine-ssh-001,qemu-alpine-ssh,random_branch,continuation,0,phase4-primary-qemu-alpine-ssh-random-branch-seed-0-cont-0,jobs/phase4-primary-qemu-alpine-ssh-random-branch-seed-0-cont-0,pending_root_archive,35000,blocked_pending_root_archive,"Run root jobs first, then select archive snapshots for continuations."
primary,phase4-primary-qemu-alpine-ssh-001,qemu-alpine-ssh,random_branch,continuation,0,phase4-primary-qemu-alpine-ssh-random-branch-seed-0-cont-1,jobs/phase4-primary-qemu-alpine-ssh-random-branch-seed-0-cont-1,pending_root_archive,35000,blocked_pending_root_archive,"Run root jobs first, then select archive snapshots for continuations."
primary,phase4-primary-qemu-alpine-ssh-001,qemu-alpine-ssh,promising_branch,root,0,phase4-primary-qemu-alpine-ssh-promising-branch-seed-0-root,jobs/phase4-primary-qemu-alpine-ssh-promising-branch-seed-0-root,ready,30000,not_started,Not launched by this branch.
primary,phase4-primary-qemu-alpine-ssh-001,qemu-alpine-ssh,promising_branch,continuation,0,phase4-primary-qemu-alpine-ssh-promising-branch-seed-0-cont-0,jobs/phase4-primary-qemu-alpine-ssh-promising-branch-seed-0-cont-0,pending_root_archive,35000,blocked_pending_root_archive,"Run root jobs first, then select archive snapshots for continuations."
primary,phase4-primary-qemu-alpine-ssh-001,qemu-alpine-ssh,promising_branch,continuation,0,phase4-primary-qemu-alpine-ssh-promising-branch-seed-0-cont-1,jobs/phase4-primary-qemu-alpine-ssh-promising-branch-seed-0-cont-1,pending_root_archive,35000,blocked_pending_root_archive,"Run root jobs first, then select archive snapshots for continuations."
primary,phase4-primary-gcode-to-text-001,gcode-to-text,single,single,0,phase4-primary-gcode-to-text-single-seed-0,jobs/phase4-primary-gcode-to-text-single-seed-0,ready,100000,not_started,Not launched by this branch.
primary,phase4-primary-gcode-to-text-001,gcode-to-text,retry,retry_attempt,0,phase4-primary-gcode-to-text-retry-seed-0-attempt-0,jobs/phase4-primary-gcode-to-text-retry-seed-0-attempt-0,ready,20000,not_started,Not launched by this branch.
primary,phase4-primary-gcode-to-text-001,gcode-to-text,retry,retry_attempt,0,phase4-primary-gcode-to-text-retry-seed-0-attempt-1,jobs/phase4-primary-gcode-to-text-retry-seed-0-attempt-1,ready,20000,not_started,Not launched by this branch.
primary,phase4-primary-gcode-to-text-001,gcode-to-text,retry,retry_attempt,0,phase4-primary-gcode-to-text-retry-seed-0-attempt-2,jobs/phase4-primary-gcode-to-text-retry-seed-0-attempt-2,ready,20000,not_started,Not launched by this branch.
primary,phase4-primary-gcode-to-text-001,gcode-to-text,retry,retry_attempt,0,phase4-primary-gcode-to-text-retry-seed-0-attempt-3,jobs/phase4-primary-gcode-to-text-retry-seed-0-attempt-3,ready,20000,not_started,Not launched by this branch.
primary,phase4-primary-gcode-to-text-001,gcode-to-text,retry,retry_attempt,0,phase4-primary-gcode-to-text-retry-seed-0-attempt-4,jobs/phase4-primary-gcode-to-text-retry-seed-0-attempt-4,ready,20000,not_started,Not launched by this branch.
primary,phase4-primary-gcode-to-text-001,gcode-to-text,random_branch,root,0,phase4-primary-gcode-to-text-random-branch-seed-0-root,jobs/phase4-primary-gcode-to-text-random-branch-seed-0-root,ready,30000,not_started,Not launched by this branch.
primary,phase4-primary-gcode-to-text-001,gcode-to-text,random_branch,continuation,0,phase4-primary-gcode-to-text-random-branch-seed-0-cont-0,jobs/phase4-primary-gcode-to-text-random-branch-seed-0-cont-0,pending_root_archive,35000,blocked_pending_root_archive,"Run root jobs first, then select archive snapshots for continuations."
primary,phase4-primary-gcode-to-text-001,gcode-to-text,random_branch,continuation,0,phase4-primary-gcode-to-text-random-branch-seed-0-cont-1,jobs/phase4-primary-gcode-to-text-random-branch-seed-0-cont-1,pending_root_archive,35000,blocked_pending_root_archive,"Run root jobs first, then select archive snapshots for continuations."
primary,phase4-primary-gcode-to-text-001,gcode-to-text,promising_branch,root,0,phase4-primary-gcode-to-text-promising-branch-seed-0-root,jobs/phase4-primary-gcode-to-text-promising-branch-seed-0-root,ready,30000,not_started,Not launched by this branch.
primary,phase4-primary-gcode-to-text-001,gcode-to-text,promising_branch,continuation,0,phase4-primary-gcode-to-text-promising-branch-seed-0-cont-0,jobs/phase4-primary-gcode-to-text-promising-branch-seed-0-cont-0,pending_root_archive,35000,blocked_pending_root_archive,"Run root jobs first, then select archive snapshots for continuations."
primary,phase4-primary-gcode-to-text-001,gcode-to-text,promising_branch,continuation,0,phase4-primary-gcode-to-text-promising-branch-seed-0-cont-1,jobs/phase4-primary-gcode-to-text-promising-branch-seed-0-cont-1,pending_root_archive,35000,blocked_pending_root_archive,"Run root jobs first, then select archive snapshots for continuations."
primary,phase4-primary-largest-eigenval-001,largest-eigenval,single,single,0,phase4-primary-largest-eigenval-single-seed-0,jobs/phase4-primary-largest-eigenval-single-seed-0,ready,100000,not_started,Not launched by this branch.
primary,phase4-primary-largest-eigenval-001,largest-eigenval,retry,retry_attempt,0,phase4-primary-largest-eigenval-retry-seed-0-attempt-0,jobs/phase4-primary-largest-eigenval-retry-seed-0-attempt-0,ready,20000,not_started,Not launched by this branch.
primary,phase4-primary-largest-eigenval-001,largest-eigenval,retry,retry_attempt,0,phase4-primary-largest-eigenval-retry-seed-0-attempt-1,jobs/phase4-primary-largest-eigenval-retry-seed-0-attempt-1,ready,20000,not_started,Not launched by this branch.
primary,phase4-primary-largest-eigenval-001,largest-eigenval,retry,retry_attempt,0,phase4-primary-largest-eigenval-retry-seed-0-attempt-2,jobs/phase4-primary-largest-eigenval-retry-seed-0-attempt-2,ready,20000,not_started,Not launched by this branch.
primary,phase4-primary-largest-eigenval-001,largest-eigenval,retry,retry_attempt,0,phase4-primary-largest-eigenval-retry-seed-0-attempt-3,jobs/phase4-primary-largest-eigenval-retry-seed-0-attempt-3,ready,20000,not_started,Not launched by this branch.
primary,phase4-primary-largest-eigenval-001,largest-eigenval,retry,retry_attempt,0,phase4-primary-largest-eigenval-retry-seed-0-attempt-4,jobs/phase4-primary-largest-eigenval-retry-seed-0-attempt-4,ready,20000,not_started,Not launched by this branch.
primary,phase4-primary-largest-eigenval-001,largest-eigenval,random_branch,root,0,phase4-primary-largest-eigenval-random-branch-seed-0-root,jobs/phase4-primary-largest-eigenval-random-branch-seed-0-root,ready,30000,not_started,Not launched by this branch.
primary,phase4-primary-largest-eigenval-001,largest-eigenval,random_branch,continuation,0,phase4-primary-largest-eigenval-random-branch-seed-0-cont-0,jobs/phase4-primary-largest-eigenval-random-branch-seed-0-cont-0,pending_root_archive,35000,blocked_pending_root_archive,"Run root jobs first, then select archive snapshots for continuations."
primary,phase4-primary-largest-eigenval-001,largest-eigenval,random_branch,continuation,0,phase4-primary-largest-eigenval-random-branch-seed-0-cont-1,jobs/phase4-primary-largest-eigenval-random-branch-seed-0-cont-1,pending_root_archive,35000,blocked_pending_root_archive,"Run root jobs first, then select archive snapshots for continuations."
primary,phase4-primary-largest-eigenval-001,largest-eigenval,promising_branch,root,0,phase4-primary-largest-eigenval-promising-branch-seed-0-root,jobs/phase4-primary-largest-eigenval-promising-branch-seed-0-root,ready,30000,not_started,Not launched by this branch.
primary,phase4-primary-largest-eigenval-001,largest-eigenval,promising_branch,continuation,0,phase4-primary-largest-eigenval-promising-branch-seed-0-cont-0,jobs/phase4-primary-largest-eigenval-promising-branch-seed-0-cont-0,pending_root_archive,35000,blocked_pending_root_archive,"Run root jobs first, then select archive snapshots for continuations."
primary,phase4-primary-largest-eigenval-001,largest-eigenval,promising_branch,continuation,0,phase4-primary-largest-eigenval-promising-branch-seed-0-cont-1,jobs/phase4-primary-largest-eigenval-promising-branch-seed-0-cont-1,pending_root_archive,35000,blocked_pending_root_archive,"Run root jobs first, then select archive snapshots for continuations."
primary,phase4-primary-constraints-scheduling-001,constraints-scheduling,single,single,0,phase4-primary-constraints-scheduling-single-seed-0,jobs/phase4-primary-constraints-scheduling-single-seed-0,ready,100000,not_started,Not launched by this branch.
primary,phase4-primary-constraints-scheduling-001,constraints-scheduling,retry,retry_attempt,0,phase4-primary-constraints-scheduling-retry-seed-0-attempt-0,jobs/phase4-primary-constraints-scheduling-retry-seed-0-attempt-0,ready,20000,not_started,Not launched by this branch.
primary,phase4-primary-constraints-scheduling-001,constraints-scheduling,retry,retry_attempt,0,phase4-primary-constraints-scheduling-retry-seed-0-attempt-1,jobs/phase4-primary-constraints-scheduling-retry-seed-0-attempt-1,ready,20000,not_started,Not launched by this branch.
primary,phase4-primary-constraints-scheduling-001,constraints-scheduling,retry,retry_attempt,0,phase4-primary-constraints-scheduling-retry-seed-0-attempt-2,jobs/phase4-primary-constraints-scheduling-retry-seed-0-attempt-2,ready,20000,not_started,Not launched by this branch.
primary,phase4-primary-constraints-scheduling-001,constraints-scheduling,retry,retry_attempt,0,phase4-primary-constraints-scheduling-retry-seed-0-attempt-3,jobs/phase4-primary-constraints-scheduling-retry-seed-0-attempt-3,ready,20000,not_started,Not launched by this branch.
primary,phase4-primary-constraints-scheduling-001,constraints-scheduling,retry,retry_attempt,0,phase4-primary-constraints-scheduling-retry-seed-0-attempt-4,jobs/phase4-primary-constraints-scheduling-retry-seed-0-attempt-4,ready,20000,not_started,Not launched by this branch.
primary,phase4-primary-constraints-scheduling-001,constraints-scheduling,random_branch,root,0,phase4-primary-constraints-scheduling-random-branch-seed-0-root,jobs/phase4-primary-constraints-scheduling-random-branch-seed-0-root,ready,30000,not_started,Not launched by this branch.
primary,phase4-primary-constraints-scheduling-001,constraints-scheduling,random_branch,continuation,0,phase4-primary-constraints-scheduling-random-branch-seed-0-cont-0,jobs/phase4-primary-constraints-scheduling-random-branch-seed-0-cont-0,pending_root_archive,35000,blocked_pending_root_archive,"Run root jobs first, then select archive snapshots for continuations."
primary,phase4-primary-constraints-scheduling-001,constraints-scheduling,random_branch,continuation,0,phase4-primary-constraints-scheduling-random-branch-seed-0-cont-1,jobs/phase4-primary-constraints-scheduling-random-branch-seed-0-cont-1,pending_root_archive,35000,blocked_pending_root_archive,"Run root jobs first, then select archive snapshots for continuations."
primary,phase4-primary-constraints-scheduling-001,constraints-scheduling,promising_branch,root,0,phase4-primary-constraints-scheduling-promising-branch-seed-0-root,jobs/phase4-primary-constraints-scheduling-promising-branch-seed-0-root,ready,30000,not_started,Not launched by this branch.
primary,phase4-primary-constraints-scheduling-001,constraints-scheduling,promising_branch,continuation,0,phase4-primary-constraints-scheduling-promising-branch-seed-0-cont-0,jobs/phase4-primary-constraints-scheduling-promising-branch-seed-0-cont-0,pending_root_archive,35000,blocked_pending_root_archive,"Run root jobs first, then select archive snapshots for continuations."
primary,phase4-primary-constraints-scheduling-001,constraints-scheduling,promising_branch,continuation,0,phase4-primary-constraints-scheduling-promising-branch-seed-0-cont-1,jobs/phase4-primary-constraints-scheduling-promising-branch-seed-0-cont-1,pending_root_archive,35000,blocked_pending_root_archive,"Run root jobs first, then select archive snapshots for continuations."
primary,phase4-primary-chess-best-move-001,chess-best-move,single,single,0,phase4-primary-chess-best-move-single-seed-0,jobs/phase4-primary-chess-best-move-single-seed-0,ready,100000,not_started,Not launched by this branch.
primary,phase4-primary-chess-best-move-001,chess-best-move,retry,retry_attempt,0,phase4-primary-chess-best-move-retry-seed-0-attempt-0,jobs/phase4-primary-chess-best-move-retry-seed-0-attempt-0,ready,20000,not_started,Not launched by this branch.
primary,phase4-primary-chess-best-move-001,chess-best-move,retry,retry_attempt,0,phase4-primary-chess-best-move-retry-seed-0-attempt-1,jobs/phase4-primary-chess-best-move-retry-seed-0-attempt-1,ready,20000,not_started,Not launched by this branch.
primary,phase4-primary-chess-best-move-001,chess-best-move,retry,retry_attempt,0,phase4-primary-chess-best-move-retry-seed-0-attempt-2,jobs/phase4-primary-chess-best-move-retry-seed-0-attempt-2,ready,20000,not_started,Not launched by this branch.
primary,phase4-primary-chess-best-move-001,chess-best-move,retry,retry_attempt,0,phase4-primary-chess-best-move-retry-seed-0-attempt-3,jobs/phase4-primary-chess-best-move-retry-seed-0-attempt-3,ready,20000,not_started,Not launched by this branch.
primary,phase4-primary-chess-best-move-001,chess-best-move,retry,retry_attempt,0,phase4-primary-chess-best-move-retry-seed-0-attempt-4,jobs/phase4-primary-chess-best-move-retry-seed-0-attempt-4,ready,20000,not_started,Not launched by this branch.
primary,phase4-primary-chess-best-move-001,chess-best-move,random_branch,root,0,phase4-primary-chess-best-move-random-branch-seed-0-root,jobs/phase4-primary-chess-best-move-random-branch-seed-0-root,ready,30000,not_started,Not launched by this branch.
primary,phase4-primary-chess-best-move-001,chess-best-move,random_branch,continuation,0,phase4-primary-chess-best-move-random-branch-seed-0-cont-0,jobs/phase4-primary-chess-best-move-random-branch-seed-0-cont-0,pending_root_archive,35000,blocked_pending_root_archive,"Run root jobs first, then select archive snapshots for continuations."
primary,phase4-primary-chess-best-move-001,chess-best-move,random_branch,continuation,0,phase4-primary-chess-best-move-random-branch-seed-0-cont-1,jobs/phase4-primary-chess-best-move-random-branch-seed-0-cont-1,pending_root_archive,35000,blocked_pending_root_archive,"Run root jobs first, then select archive snapshots for continuations."
primary,phase4-primary-chess-best-move-001,chess-best-move,promising_branch,root,0,phase4-primary-chess-best-move-promising-branch-seed-0-root,jobs/phase4-primary-chess-best-move-promising-branch-seed-0-root,ready,30000,not_started,Not launched by this branch.
primary,phase4-primary-chess-best-move-001,chess-best-move,promising_branch,continuation,0,phase4-primary-chess-best-move-promising-branch-seed-0-cont-0,jobs/phase4-primary-chess-best-move-promising-branch-seed-0-cont-0,pending_root_archive,35000,blocked_pending_root_archive,"Run root jobs first, then select archive snapshots for continuations."
primary,phase4-primary-chess-best-move-001,chess-best-move,promising_branch,continuation,0,phase4-primary-chess-best-move-promising-branch-seed-0-cont-1,jobs/phase4-primary-chess-best-move-promising-branch-seed-0-cont-1,pending_root_archive,35000,blocked_pending_root_archive,"Run root jobs first, then select archive snapshots for continuations."
